county,state,cases,deaths,TotalPop
Abbeville,SC,805.0,17.0,24788.0
Acadia,LA,3182.0,102.0,62607.0
Accomack,VA,1227.0,19.0,32840.0
Ada,ID,17451.0,181.0,435117.0
Adair,IA,222.0,1.0,7192.0
Adair,KY,517.0,22.0,19304.0
Adair,MO,578.0,0.0,25437.0
Adair,OK,855.0,11.0,22136.0
Adams,CO,15538.0,263.0,487850.0
Adams,IA,87.0,1.0,3785.0
Adams,ID,65.0,2.0,3946.0
Adams,IL,2223.0,25.0,66787.0
Adams,IN,704.0,8.0,35018.0
Adams,MS,1122.0,45.0,31583.0
Adams,ND,91.0,0.0,2368.0
Adams,NE,922.0,15.0,31564.0
Adams,OH,270.0,6.0,27926.0
Adams,PA,1184.0,31.0,101589.0
Adams,WA,935.0,11.0,19261.0
Adams,WI,587.0,5.0,20111.0
Addison,VT,124.0,2.0,36825.0
Aiken,SC,5140.0,87.0,165707.0
Aitkin,MN,232.0,3.0,15841.0
Alachua,FL,10706.0,78.0,259865.0
Alamance,NC,5409.0,88.0,157844.0
Alameda,CA,23994.0,464.0,1629615.0
Alamosa,CO,360.0,9.0,16345.0
Albany,NY,3750.0,140.0,308580.0
Albany,WY,1562.0,4.0,37944.0
Albemarle,VA,1612.0,24.0,105105.0
Alcona,MI,55.0,3.0,10413.0
Alcorn,MS,1130.0,12.0,37242.0
Alexander,IL,154.0,2.0,6776.0
Alexander,NC,975.0,10.0,37159.0
Alfalfa,OK,132.0,0.0,5877.0
Alger,MI,121.0,1.0,9254.0
Allamakee,IA,431.0,9.0,13940.0
Allegan,MI,1503.0,7.0,114145.0
Allegany,MD,775.0,24.0,72591.0
Allegany,NY,348.0,8.0,47400.0
Alleghany,NC,316.0,1.0,10935.0
Alleghany,VA,154.0,4.0,15489.0
Allegheny,PA,15940.0,419.0,1229605.0
Allen,IN,9638.0,237.0,367747.0
Allen,KS,112.0,1.0,12752.0
Allen,KY,566.0,11.0,20628.0
Allen,OH,2580.0,80.0,104157.0
Allen,LA,1856.0,63.0,25667.0
Allendale,SC,424.0,7.0,9402.0
Alpena,MI,180.0,14.0,28730.0
Alpine,CA,8.0,0.0,1203.0
Amador,CA,347.0,16.0,37306.0
Amelia,VA,150.0,6.0,12802.0
Amherst,VA,626.0,6.0,31819.0
Amite,MS,436.0,13.0,12574.0
Anderson,KS,203.0,0.0,7840.0
Anderson,KY,280.0,1.0,22017.0
Anderson,SC,6051.0,209.0,194174.0
Anderson,TN,1869.0,16.0,75538.0
Anderson,TX,2979.0,39.0,57747.0
Andrew,MO,474.0,8.0,17358.0
Andrews,TX,667.0,10.0,17577.0
Angelina,TX,2317.0,93.0,87700.0
Anne Arundel,MD,12256.0,281.0,564600.0
Anoka,MN,9947.0,159.0,344861.0
Anson,NC,737.0,11.0,25531.0
Antelope,NE,182.0,1.0,6406.0
Antrim,MI,143.0,0.0,23133.0
Apache,AZ,4003.0,171.0,71602.0
Appanoose,IA,287.0,3.0,12547.0
Appling,GA,1179.0,38.0,18471.0
Appomattox,VA,308.0,6.0,15462.0
Aransas,TX,351.0,18.0,24832.0
Arapahoe,CO,13956.0,387.0,626612.0
Archer,TX,165.0,1.0,8793.0
Archuleta,CO,68.0,0.0,12592.0
Arenac,MI,111.0,3.0,15238.0
Arkansas,AR,726.0,17.0,18352.0
Arlington,VA,4764.0,154.0,229534.0
Armstrong,PA,786.0,21.0,66737.0
Armstrong,TX,27.0,1.0,1929.0
Arthur,NE,5.0,0.0,421.0
Ascension,LA,4299.0,100.0,119129.0
Ashe,NC,481.0,3.0,26833.0
Ashland,OH,511.0,9.0,53299.0
Ashland,WI,301.0,3.0,15779.0
Ashley,AR,573.0,11.0,20771.0
Ashtabula,OH,890.0,48.0,98622.0
Asotin,WA,294.0,8.0,22259.0
Assumption,LA,813.0,24.0,22881.0
Atascosa,TX,1287.0,37.0,48139.0
Atchison,KS,537.0,6.0,16466.0
Atchison,MO,86.0,1.0,5335.0
Athens,OH,1388.0,2.0,65563.0
Atkinson,GA,486.0,6.0,8313.0
Atlantic,NJ,5341.0,267.0,272926.0
Atoka,OK,467.0,1.0,13899.0
Attala,MS,819.0,27.0,18731.0
Audrain,MO,654.0,10.0,25763.0
Audubon,IA,192.0,1.0,5711.0
Auglaize,OH,1279.0,19.0,45778.0
Augusta,VA,718.0,9.0,74390.0
Aurora,SD,205.0,0.0,2739.0
Austin,TX,521.0,10.0,29292.0
Autauga,AL,2173.0,31.0,55036.0
Avery,NC,647.0,1.0,17535.0
Avoyelles,LA,1757.0,62.0,41095.0
Baca,CO,37.0,0.0,3581.0
Bacon,GA,640.0,16.0,11279.0
Bailey,TX,311.0,5.0,7098.0
Baker,FL,1805.0,24.0,27537.0
Baker,GA,92.0,6.0,3251.0
Baker,OR,144.0,3.0,15980.0
Baldwin,AL,6966.0,71.0,203360.0
Baldwin,GA,2337.0,65.0,45527.0
Ballard,KY,81.0,1.0,8152.0
Baltimore,MD,21194.0,675.0,828637.0
Bamberg,SC,699.0,34.0,14842.0
Bandera,TX,190.0,8.0,21316.0
Banks,GA,574.0,8.0,18363.0
Banner,NE,4.0,0.0,728.0
Bannock,ID,2732.0,14.0,84113.0
Baraga,MI,125.0,4.0,8580.0
Barber,KS,57.0,0.0,4905.0
Barbour,AL,1061.0,9.0,26201.0
Barbour,WV,187.0,1.0,16790.0
Barnes,ND,410.0,1.0,10971.0
Barnstable,MA,2051.0,185.0,213900.0
Barnwell,SC,887.0,25.0,21788.0
Barren,KY,1358.0,13.0,43418.0
Barron,WI,1320.0,7.0,45358.0
Barrow,GA,2672.0,51.0,75099.0
Barry,MI,803.0,6.0,59607.0
Barry,MO,912.0,9.0,35398.0
Bartholomew,IN,1597.0,59.0,81024.0
Barton,KS,803.0,7.0,27067.0
Barton,MO,453.0,4.0,11942.0
Bartow,GA,3714.0,96.0,102623.0
Bastrop,TX,2023.0,32.0,80306.0
Bates,MO,271.0,8.0,16405.0
Bath,KY,138.0,1.0,12189.0
Bath,VA,26.0,0.0,4458.0
Baxter,AR,776.0,11.0,41093.0
Bay,FL,6879.0,134.0,180117.0
Bay,MI,1602.0,65.0,105350.0
Bayfield,WI,280.0,2.0,15004.0
Baylor,TX,46.0,3.0,3602.0
Beadle,SD,1397.0,15.0,18163.0
Bear Lake,ID,77.0,1.0,5942.0
Beaufort,NC,1442.0,45.0,47316.0
Beaufort,SC,6214.0,93.0,179316.0
Beauregard,LA,1086.0,40.0,36598.0
Beaver,OK,99.0,1.0,5445.0
Beaver,PA,2343.0,140.0,168161.0
Beaver,UT,0.0,0.0,6414.0
Beaverhead,MT,284.0,1.0,9360.0
Becker,MN,696.0,4.0,33552.0
Beckham,OK,949.0,11.0,22971.0
Bedford,PA,462.0,7.0,48891.0
Bedford,TN,1830.0,23.0,46854.0
Bedford,VA,1308.0,18.0,77319.0
Bee,TX,1868.0,39.0,32729.0
Bell,KY,825.0,17.0,27469.0
Bell,TX,6560.0,100.0,336506.0
Belmont,OH,885.0,27.0,68889.0
Beltrami,MN,1016.0,11.0,45847.0
Ben Hill,GA,887.0,34.0,17272.0
Benewah,ID,188.0,3.0,9050.0
Bennett,SD,220.0,5.0,3440.0
Bennington,VT,142.0,1.0,36054.0
Benson,ND,557.0,10.0,6875.0
Bent,CO,18.0,0.0,5806.0
Benton,AR,8619.0,125.0,251823.0
Benton,IA,733.0,4.0,25646.0
Benton,IN,123.0,1.0,8685.0
Benton,MN,1134.0,14.0,39360.0
Benton,MO,504.0,7.0,18918.0
Benton,MS,376.0,11.0,8306.0
Benton,OR,465.0,6.0,88249.0
Benton,TN,441.0,10.0,16154.0
Benton,WA,5385.0,135.0,190529.0
Benzie,MI,145.0,2.0,17462.0
Bergen,NJ,25526.0,2063.0,937920.0
Berkeley,SC,6232.0,95.0,204632.0
Berkeley,WV,1692.0,18.0,111610.0
Berks,PA,9648.0,425.0,415500.0
Bernalillo,NM,11859.0,212.0,674855.0
Berrien,GA,503.0,14.0,19014.0
Berrien,MI,2985.0,86.0,154948.0
Bertie,NC,737.0,20.0,19913.0
Bexar,TX,66064.0,1414.0,1892004.0
Bibb,AL,878.0,15.0,22580.0
Bibb,GA,6707.0,200.0,153923.0
Bienville,LA,623.0,35.0,13806.0
Big Horn,MT,1400.0,38.0,13290.0
Big Horn,WY,263.0,7.0,11920.0
Big Stone,MN,177.0,1.0,5039.0
Billings,ND,34.0,0.0,983.0
Bingham,ID,1664.0,23.0,45369.0
Black Hawk,IA,6448.0,103.0,132960.0
Blackford,IN,287.0,6.0,12214.0
Bladen,NC,1105.0,19.0,34130.0
Blaine,ID,916.0,7.0,21583.0
Blaine,MT,349.0,7.0,6646.0
Blaine,NE,4.0,0.0,502.0
Blaine,OK,225.0,1.0,9680.0
Blair,PA,1456.0,32.0,124736.0
Blanco,TX,163.0,6.0,11089.0
Bland,VA,79.0,5.0,6524.0
Bleckley,GA,515.0,27.0,12779.0
Bledsoe,TN,1047.0,4.0,14413.0
Blount,AL,2095.0,25.0,57667.0
Blount,TN,3602.0,41.0,127135.0
Blue Earth,MN,2207.0,7.0,65767.0
Boise,ID,87.0,2.0,6968.0
Bolivar,MS,2072.0,79.0,33121.0
Bollinger,MO,553.0,3.0,12347.0
Bon Homme,SD,1016.0,1.0,6972.0
Bond,IL,544.0,9.0,17034.0
Bonner,ID,527.0,1.0,41855.0
Bonneville,ID,4764.0,38.0,110404.0
Boone,AR,1099.0,36.0,37212.0
Boone,IA,797.0,9.0,26381.0
Boone,IL,2171.0,26.0,53638.0
Boone,IN,1421.0,51.0,63013.0
Boone,KY,2338.0,25.0,127682.0
Boone,MO,6443.0,15.0,174589.0
Boone,NE,170.0,0.0,5357.0
Boone,WV,408.0,3.0,23236.0
Borden,TX,2.0,0.0,602.0
Bosque,TX,418.0,11.0,17955.0
Bossier,LA,4381.0,122.0,125698.0
Botetourt,VA,479.0,12.0,33149.0
Bottineau,ND,345.0,17.0,6651.0
Boulder,CO,5988.0,88.0,316782.0
Boundary,ID,203.0,1.0,11323.0
Bourbon,KS,306.0,3.0,14757.0
Bourbon,KY,335.0,1.0,20017.0
Bowie,TX,2040.0,77.0,93635.0
Bowman,ND,148.0,2.0,3226.0
Box Butte,NE,280.0,1.0,11200.0
Box Elder,UT,0.0,0.0,52182.0
Boyd,KY,743.0,22.0,48486.0
Boyd,NE,78.0,0.0,2049.0
Boyle,KY,491.0,0.0,29773.0
Bracken,KY,75.0,1.0,8330.0
Bradford,FL,1241.0,15.0,26775.0
Bradford,PA,895.0,15.0,61546.0
Bradley,AR,373.0,8.0,10994.0
Bradley,TN,3754.0,24.0,103666.0
Branch,MI,973.0,11.0,43543.0
Brantley,GA,473.0,13.0,18411.0
Braxton,WV,73.0,0.0,14345.0
Brazoria,TX,12501.0,185.0,345995.0
Brazos,TX,7782.0,75.0,214231.0
Breathitt,KY,153.0,1.0,13276.0
Breckinridge,KY,219.0,2.0,19991.0
Bremer,IA,790.0,9.0,24741.0
Brevard,FL,11780.0,375.0,568183.0
Brewster,TX,256.0,5.0,9220.0
Briscoe,TX,25.0,1.0,1591.0
Bristol,RI,558.0,19.0,49028.0
Broadwater,MT,92.0,0.0,5755.0
Bronx,NY,55912.0,4996.0,1455846.0
Brooke,WV,249.0,4.0,23067.0
Brookings,SD,1545.0,6.0,33697.0
Brooks,GA,553.0,26.0,15629.0
Brooks,TX,365.0,23.0,7251.0
Broome,NY,3738.0,98.0,196124.0
Broomfield,CO,1091.0,42.0,64283.0
Broward,FL,86961.0,1526.0,1890416.0
Brown,IL,127.0,0.0,6791.0
Brown,IN,160.0,3.0,15007.0
Brown,KS,249.0,5.0,9736.0
Brown,MN,384.0,3.0,25243.0
Brown,NE,86.0,0.0,3058.0
Brown,OH,485.0,3.0,43799.0
Brown,SD,2220.0,6.0,38637.0
Brown,TX,701.0,28.0,37787.0
Brown,WI,16210.0,103.0,258004.0
Brule,SD,317.0,2.0,5280.0
Brunswick,NC,2250.0,49.0,122586.0
Brunswick,VA,424.0,5.0,16435.0
Bryan,GA,1313.0,16.0,34883.0
Bryan,OK,1655.0,14.0,45068.0
Buchanan,IA,554.0,5.0,21101.0
Buchanan,MO,3093.0,43.0,89425.0
Buchanan,VA,276.0,4.0,22611.0
Buckingham,VA,763.0,9.0,17048.0
Bucks,PA,10513.0,626.0,626486.0
Buena Vista,IA,2356.0,12.0,20369.0
Buffalo,NE,2011.0,19.0,48834.0
Buffalo,SD,272.0,4.0,2048.0
Buffalo,WI,338.0,3.0,13243.0
Bullitt,KY,1617.0,15.0,78622.0
Bulloch,GA,3128.0,33.0,73742.0
Bullock,AL,655.0,17.0,10478.0
Buncombe,NC,4306.0,108.0,252268.0
Bureau,IL,1022.0,19.0,33619.0
Burke,GA,901.0,12.0,22645.0
Burke,NC,2798.0,52.0,88898.0
Burke,ND,86.0,1.0,2253.0
Burleigh,ND,7486.0,79.0,92372.0
Burleson,TX,482.0,6.0,17596.0
Burlington,NJ,8721.0,516.0,449192.0
Burnet,TX,1096.0,15.0,45017.0
Burnett,WI,328.0,6.0,15239.0
Burt,NE,152.0,1.0,6546.0
Butler,AL,1024.0,41.0,20126.0
Butler,IA,437.0,3.0,14822.0
Butler,KS,990.0,3.0,66260.0
Butler,KY,439.0,16.0,12735.0
Butler,MO,1313.0,8.0,42826.0
Butler,NE,305.0,2.0,8105.0
Butler,OH,9565.0,134.0,375702.0
Butler,PA,1892.0,28.0,185984.0
Butte,CA,3172.0,53.0,225207.0
Butte,ID,104.0,0.0,2613.0
Butte,SD,420.0,3.0,10194.0
Butts,GA,749.0,44.0,23556.0
Cabarrus,NC,5063.0,93.0,196716.0
Cabell,WV,1548.0,29.0,96100.0
Cache,UT,0.0,0.0,120288.0
Caddo,OK,1187.0,26.0,29437.0
Caddo,LA,10350.0,396.0,251069.0
Calaveras,CA,354.0,21.0,45057.0
Calcasieu,LA,8530.0,230.0,198753.0
Caldwell,KY,306.0,0.0,12747.0
Caldwell,MO,194.0,1.0,9046.0
Caldwell,NC,2685.0,19.0,81805.0
Caldwell,TX,1726.0,37.0,40544.0
Caldwell,LA,376.0,3.0,10000.0
Calhoun,AL,4892.0,65.0,115527.0
Calhoun,AR,59.0,0.0,5194.0
Calhoun,FL,731.0,14.0,14458.0
Calhoun,GA,277.0,10.0,6503.0
Calhoun,IA,348.0,4.0,9814.0
Calhoun,IL,84.0,0.0,4897.0
Calhoun,MI,3275.0,70.0,134327.0
Calhoun,MS,641.0,13.0,14617.0
Calhoun,SC,515.0,18.0,14808.0
Calhoun,TX,935.0,9.0,21821.0
Calhoun,WV,36.0,0.0,7450.0
Callahan,TX,137.0,6.0,13660.0
Callaway,MO,1481.0,7.0,44793.0
Calloway,KY,1075.0,10.0,38616.0
Calumet,WI,2857.0,14.0,49737.0
Calvert,MD,1212.0,29.0,90824.0
Camas,ID,41.0,0.0,886.0
Cambria,PA,1225.0,9.0,135871.0
Camden,GA,1459.0,18.0,52252.0
Camden,MO,1684.0,36.0,44855.0
Camden,NC,142.0,3.0,10336.0
Camden,NJ,11988.0,636.0,510996.0
Cameron,PA,10.0,0.0,4754.0
Cameron,TX,24280.0,1083.0,420201.0
Cameron,LA,240.0,2.0,6806.0
Camp,TX,407.0,13.0,12670.0
Campbell,KY,1420.0,16.0,91804.0
Campbell,SD,82.0,1.0,1443.0
Campbell,TN,1133.0,13.0,39824.0
Campbell,VA,784.0,9.0,55158.0
Campbell,WY,1190.0,3.0,48116.0
Canadian,OK,4208.0,23.0,132922.0
Candler,GA,550.0,25.0,10894.0
Cannon,TN,442.0,2.0,13839.0
Canyon,ID,10417.0,111.0,207027.0
Cape Girardeau,MO,2871.0,55.0,78013.0
Cape May,NJ,1151.0,100.0,94549.0
Carbon,MT,275.0,1.0,10466.0
Carbon,PA,616.0,31.0,63987.0
Carbon,UT,0.0,0.0,20512.0
Carbon,WY,336.0,2.0,15689.0
Caribou,ID,306.0,4.0,6862.0
Carlisle,KY,111.0,1.0,4890.0
Carlton,MN,580.0,2.0,35408.0
Caroline,MD,765.0,8.0,32785.0
Caroline,VA,450.0,6.0,29889.0
Carroll,AR,1049.0,19.0,27782.0
Carroll,GA,3428.0,77.0,114898.0
Carroll,IA,1264.0,13.0,20428.0
Carroll,IL,506.0,14.0,14704.0
Carroll,IN,386.0,13.0,19994.0
Carroll,KY,233.0,5.0,10695.0
Carroll,MD,2301.0,130.0,167319.0
Carroll,MO,216.0,4.0,8909.0
Carroll,MS,531.0,12.0,10221.0
Carroll,NH,161.0,2.0,47524.0
Carroll,OH,265.0,7.0,27825.0
Carroll,TN,1192.0,27.0,28137.0
Carroll,VA,635.0,29.0,29767.0
Carson City,NV,795.0,9.0,54219.0
Carson,TX,55.0,1.0,6033.0
Carter,KY,396.0,4.0,27385.0
Carter,MO,191.0,3.0,6255.0
Carter,MT,77.0,2.0,1320.0
Carter,OK,924.0,10.0,48407.0
Carter,TN,1747.0,36.0,56500.0
Carteret,NC,1204.0,5.0,68699.0
Carver,MN,1967.0,8.0,98799.0
Cascade,MT,2199.0,15.0,81816.0
Casey,KY,326.0,16.0,15805.0
Cass,IA,498.0,4.0,13327.0
Cass,IL,476.0,11.0,12880.0
Cass,IN,2403.0,26.0,38248.0
Cass,MI,1103.0,24.0,51397.0
Cass,MN,471.0,5.0,28810.0
Cass,MO,2203.0,32.0,101888.0
Cass,ND,9930.0,87.0,170620.0
Cass,NE,605.0,4.0,25513.0
Cass,TX,562.0,25.0,30118.0
Cassia,ID,1469.0,9.0,23472.0
Castro,TX,320.0,7.0,7891.0
Caswell,NC,643.0,5.0,22833.0
Catahoula,LA,464.0,15.0,10044.0
Catawba,NC,4701.0,62.0,156182.0
Catoosa,GA,1493.0,23.0,65870.0
Catron,NM,10.0,1.0,3547.0
Cattaraugus,NY,549.0,18.0,78175.0
Cavalier,ND,111.0,1.0,3817.0
Cayuga,NY,453.0,2.0,78319.0
Cecil,MD,1381.0,36.0,102416.0
Cedar,IA,551.0,8.0,18368.0
Cedar,MO,254.0,4.0,13862.0
Cedar,NE,168.0,0.0,8561.0
Centre,PA,4292.0,19.0,160646.0
Cerro Gordo,IA,1603.0,27.0,43134.0
Chaffee,CO,433.0,20.0,18818.0
Chambers,AL,1392.0,47.0,33895.0
Chambers,TX,1585.0,10.0,39283.0
Champaign,IL,6824.0,28.0,207946.0
Champaign,OH,475.0,3.0,39005.0
Chariton,MO,75.0,0.0,7586.0
Charles City,VA,104.0,5.0,7022.0
Charles,MD,3247.0,102.0,156021.0
Charles Mix,SD,438.0,1.0,9319.0
Charleston,SC,17480.0,279.0,387847.0
Charlevoix,MI,220.0,4.0,26160.0
Charlotte,FL,3741.0,161.0,173236.0
Charlotte,VA,225.0,1.0,12176.0
Charlton,GA,649.0,10.0,12963.0
Chase,KS,107.0,3.0,2665.0
Chase,NE,164.0,0.0,3803.0
Chatham,GA,9547.0,191.0,285506.0
Chatham,NC,1978.0,61.0,68364.0
Chattahoochee,GA,1804.0,1.0,11096.0
Chattooga,GA,976.0,29.0,24880.0
Chautauqua,KS,25.0,0.0,3425.0
Chautauqua,NY,1017.0,14.0,130846.0
Chaves,NM,2169.0,19.0,65454.0
Cheatham,TN,1127.0,12.0,39713.0
Cheboygan,MI,187.0,2.0,25475.0
Chelan,WA,2025.0,17.0,75138.0
Chemung,NY,1852.0,3.0,86883.0
Chenango,NY,425.0,7.0,48763.0
Cherokee,AL,787.0,15.0,25855.0
Cherokee,GA,7364.0,102.0,235896.0
Cherokee,IA,446.0,2.0,11577.0
Cherokee,KS,720.0,7.0,20501.0
Cherokee,NC,782.0,15.0,27463.0
Cherokee,OK,1439.0,8.0,48404.0
Cherokee,SC,1558.0,52.0,56549.0
Cherokee,TX,1657.0,38.0,51594.0
Cherry,NE,81.0,4.0,5792.0
Chester,PA,8198.0,381.0,514652.0
Chester,SC,1265.0,28.0,32424.0
Chester,TN,754.0,16.0,17097.0
Chesterfield,SC,1513.0,46.0,46127.0
Chesterfield,VA,7302.0,120.0,335594.0
Cheyenne,CO,15.0,0.0,2127.0
Cheyenne,KS,120.0,5.0,2677.0
Cheyenne,NE,130.0,0.0,10012.0
Chickasaw,IA,393.0,1.0,12140.0
Chickasaw,MS,880.0,29.0,17305.0
Chicot,AR,1056.0,23.0,11008.0
Childress,TX,125.0,0.0,7064.0
Chilton,AL,1946.0,33.0,43805.0
Chippewa,MI,187.0,0.0,38023.0
Chippewa,MN,497.0,3.0,12040.0
Chippewa,WI,1958.0,24.0,63445.0
Chisago,MN,1249.0,2.0,54297.0
Chittenden,VT,1009.0,39.0,160985.0
Choctaw,AL,395.0,12.0,13188.0
Choctaw,MS,217.0,6.0,8360.0
Choctaw,OK,488.0,2.0,14979.0
Chouteau,MT,119.0,0.0,5812.0
Chowan,NC,538.0,12.0,14370.0
Christian,IL,912.0,31.0,33562.0
Christian,KY,2025.0,29.0,72438.0
Christian,MO,2463.0,16.0,83028.0
Churchill,NV,245.0,4.0,24022.0
Cibola,NM,658.0,23.0,27049.0
Cimarron,OK,40.0,0.0,2221.0
Citrus,FL,3308.0,135.0,141373.0
Clackamas,OR,3383.0,67.0,399962.0
Claiborne,MS,545.0,16.0,9106.0
Claiborne,TN,556.0,8.0,31566.0
Claiborne,LA,607.0,26.0,16296.0
Clallam,WA,271.0,1.0,73439.0
Clare,MI,319.0,14.0,30597.0
Clarendon,SC,1195.0,68.0,34156.0
Clarion,PA,245.0,4.0,38747.0
Clark,AR,530.0,5.0,22495.0
Clark,ID,40.0,0.0,1055.0
Clark,IL,334.0,18.0,15924.0
Clark,IN,3310.0,67.0,114893.0
Clark,KS,68.0,4.0,2089.0
Clark,KY,565.0,12.0,35757.0
Clark,MO,130.0,1.0,6807.0
Clark,NV,82966.0,1517.0,2112436.0
Clark,OH,2924.0,57.0,135520.0
Clark,SD,145.0,1.0,3642.0
Clark,WA,4566.0,79.0,457474.0
Clark,WI,1021.0,17.0,34513.0
Clarke,AL,1406.0,17.0,24625.0
Clarke,GA,5865.0,50.0,123554.0
Clarke,IA,368.0,3.0,9267.0
Clarke,MS,791.0,53.0,16089.0
Clarke,VA,125.0,1.0,14331.0
Clatsop,OR,257.0,0.0,38021.0
Clay,AL,776.0,12.0,13407.0
Clay,AR,517.0,13.0,15190.0
Clay,FL,6200.0,127.0,203291.0
Clay,GA,124.0,3.0,3024.0
Clay,IA,595.0,4.0,16387.0
Clay,IL,350.0,14.0,13393.0
Clay,IN,554.0,10.0,26375.0
Clay,KS,114.0,3.0,8203.0
Clay,KY,637.0,6.0,20866.0
Clay,MN,2690.0,45.0,62040.0
Clay,MO,2761.0,48.0,236068.0
Clay,MS,723.0,22.0,19990.0
Clay,NC,241.0,3.0,10753.0
Clay,NE,195.0,1.0,6264.0
Clay,SD,877.0,8.0,13907.0
Clay,TN,426.0,16.0,7684.0
Clay,TX,133.0,3.0,10369.0
Clay,WV,65.0,3.0,8901.0
Clayton,GA,8467.0,179.0,274150.0
Clayton,IA,568.0,3.0,17711.0
Clear Creek,CO,93.0,1.0,9257.0
Clearfield,PA,502.0,7.0,80539.0
Clearwater,ID,149.0,0.0,8533.0
Clearwater,MN,155.0,1.0,8824.0
Cleburne,AL,590.0,9.0,14939.0
Cleburne,AR,500.0,16.0,25361.0
Clermont,OH,2961.0,39.0,202166.0
Cleveland,AR,257.0,13.0,8332.0
Cleveland,NC,3344.0,86.0,97038.0
Cleveland,OK,8726.0,105.0,274024.0
Clinch,GA,461.0,13.0,6788.0
Clinton,IA,1652.0,29.0,47587.0
Clinton,IL,1919.0,31.0,37640.0
Clinton,IN,1055.0,16.0,32455.0
Clinton,KY,251.0,3.0,10208.0
Clinton,MI,1297.0,16.0,77321.0
Clinton,MO,558.0,24.0,20495.0
Clinton,NY,270.0,5.0,81224.0
Clinton,OH,575.0,13.0,41869.0
Clinton,PA,282.0,7.0,39321.0
Cloud,KS,166.0,1.0,9191.0
Coahoma,MS,1286.0,37.0,24296.0
Coal,OK,119.0,0.0,5666.0
Cobb,GA,22375.0,459.0,739072.0
Cochise,AZ,2205.0,75.0,126516.0
Cochran,TX,116.0,2.0,2932.0
Cocke,TN,1178.0,17.0,35262.0
Coconino,AZ,5405.0,149.0,138639.0
Codington,SD,1666.0,15.0,27963.0
Coffee,AL,1878.0,11.0,51073.0
Coffee,GA,2305.0,64.0,43048.0
Coffee,TN,2036.0,28.0,54074.0
Coffey,KS,173.0,9.0,8328.0
Coke,TX,129.0,7.0,3238.0
Colbert,AL,2307.0,32.0,54435.0
Cole,MO,3430.0,26.0,76749.0
Coleman,TX,96.0,4.0,8422.0
Coles,IL,2178.0,40.0,52540.0
Colfax,NE,971.0,7.0,10616.0
Colfax,NM,46.0,1.0,12522.0
Colleton,SC,1292.0,49.0,37581.0
Collier,FL,14664.0,256.0,356774.0
Collin,TX,18748.0,188.0,914075.0
Collingsworth,TX,21.0,0.0,3026.0
Colorado,TX,510.0,4.0,20913.0
Colquitt,GA,2142.0,40.0,45890.0
Columbia,AR,757.0,21.0,23992.0
Columbia,FL,4300.0,79.0,68484.0
Columbia,GA,4500.0,66.0,143723.0
Columbia,NY,736.0,38.0,61481.0
Columbia,OR,280.0,2.0,50207.0
Columbia,PA,1079.0,43.0,66615.0
Columbia,WA,17.0,1.0,3999.0
Columbia,WI,1945.0,7.0,56790.0
Columbiana,OH,2269.0,88.0,104584.0
Columbus,NC,1787.0,62.0,56589.0
Colusa,CA,557.0,6.0,21479.0
Comal,TX,2884.0,106.0,129100.0
Comanche,KS,20.0,0.0,1741.0
Comanche,OK,2590.0,18.0,123066.0
Comanche,TX,375.0,5.0,13492.0
Concho,TX,144.0,2.0,3858.0
Concordia,LA,613.0,16.0,20211.0
Conecuh,AL,577.0,13.0,12649.0
Conejos,CO,82.0,0.0,8147.0
Contra Costa,CA,19195.0,246.0,1123678.0
Converse,WY,342.0,0.0,14166.0
Conway,AR,361.0,4.0,20954.0
Cook,GA,614.0,16.0,17190.0
Cook,IL,193102.0,5500.0,5238541.0
Cook,MN,24.0,0.0,5270.0
Cooke,TX,570.0,9.0,39064.0
Cooper,MO,678.0,4.0,17620.0
Coos,OR,271.0,1.0,62921.0
Coosa,AL,223.0,3.0,10955.0
Copiah,MS,1412.0,38.0,28748.0
Corson,SD,238.0,2.0,4177.0
Cortland,NY,589.0,0.0,48334.0
Coryell,TX,2019.0,14.0,75818.0
Coshocton,OH,417.0,12.0,36602.0
Costilla,CO,42.0,1.0,3628.0
Cottle,TX,40.0,3.0,1498.0
Cotton,OK,110.0,3.0,6000.0
Cottonwood,MN,318.0,0.0,11437.0
Covington,AL,1892.0,30.0,37519.0
Covington,MS,1009.0,29.0,19172.0
Coweta,GA,3018.0,63.0,138015.0
Cowley,KS,552.0,10.0,35732.0
Cowlitz,WA,832.0,7.0,103590.0
Craig,OK,649.0,2.0,14563.0
Craig,VA,61.0,0.0,5131.0
Craighead,AR,4938.0,48.0,104246.0
Crane,TX,77.0,4.0,4836.0
Craven,NC,2441.0,62.0,103374.0
Crawford,AR,2189.0,30.0,62119.0
Crawford,GA,196.0,6.0,12385.0
Crawford,IA,1415.0,15.0,17131.0
Crawford,IL,684.0,6.0,19214.0
Crawford,IN,177.0,1.0,10598.0
Crawford,KS,1449.0,12.0,39099.0
Crawford,MI,157.0,5.0,13821.0
Crawford,MO,695.0,9.0,24387.0
Crawford,OH,609.0,8.0,42231.0
Crawford,PA,585.0,3.0,86847.0
Crawford,WI,389.0,1.0,16313.0
Creek,OK,1651.0,39.0,70899.0
Crenshaw,AL,621.0,30.0,13866.0
Crisp,GA,664.0,23.0,23005.0
Crittenden,AR,2532.0,53.0,49278.0
Crittenden,KY,173.0,1.0,9154.0
Crockett,TN,929.0,23.0,14554.0
Crockett,TX,166.0,7.0,3836.0
Crook,OR,116.0,4.0,21717.0
Crook,WY,120.0,1.0,7347.0
Crosby,TX,117.0,7.0,5895.0
Cross,AR,616.0,22.0,17164.0
Crow Wing,MN,1279.0,22.0,63505.0
Crowley,CO,99.0,1.0,5514.0
Culberson,TX,127.0,3.0,2257.0
Cullman,AL,2831.0,25.0,81703.0
Culpeper,VA,1401.0,18.0,49795.0
Cumberland,IL,323.0,6.0,10899.0
Cumberland,KY,153.0,0.0,6744.0
Cumberland,ME,2638.0,70.0,289173.0
Cumberland,NC,7324.0,100.0,332766.0
Cumberland,NJ,4068.0,162.0,154952.0
Cumberland,PA,2566.0,81.0,245801.0
Cumberland,TN,1708.0,27.0,58178.0
Cumberland,VA,126.0,2.0,9797.0
Cuming,NE,322.0,3.0,9039.0
Currituck,NC,227.0,4.0,25247.0
Curry,NM,1650.0,12.0,50283.0
Curry,OR,62.0,2.0,22377.0
Custer,CO,24.0,0.0,4505.0
Custer,ID,98.0,1.0,4141.0
Custer,MT,344.0,3.0,11895.0
Custer,NE,250.0,5.0,10836.0
Custer,OK,1129.0,7.0,29169.0
Custer,SD,336.0,3.0,8519.0
Cuyahoga,OH,21777.0,686.0,1257401.0
Dade,GA,376.0,6.0,16282.0
Dade,MO,152.0,0.0,7581.0
Daggett,UT,0.0,0.0,702.0
Dakota,MN,10733.0,139.0,414655.0
Dakota,NE,2604.0,49.0,20529.0
Dale,AL,1926.0,52.0,49393.0
Dallam,TX,386.0,10.0,7207.0
Dallas,AL,1907.0,27.0,40755.0
Dallas,AR,188.0,6.0,7585.0
Dallas,IA,3776.0,49.0,80864.0
Dallas,MO,406.0,2.0,16441.0
Dallas,TX,97398.0,1268.0,2552213.0
Dane,WI,16011.0,49.0,522837.0
Daniels,MT,49.0,3.0,1788.0
Dare,NC,385.0,3.0,35412.0
Darke,OH,1317.0,51.0,51919.0
Darlington,SC,2556.0,67.0,67572.0
Dauphin,PA,4998.0,196.0,273329.0
Davidson,NC,3874.0,44.0,164118.0
Davidson,TN,33119.0,352.0,678322.0
Davie,NC,794.0,8.0,41766.0
Daviess,IN,1010.0,36.0,32777.0
Daviess,KY,2111.0,32.0,99258.0
Daviess,MO,233.0,4.0,8300.0
Davis,IA,212.0,4.0,8834.0
Davis,UT,9044.0,43.0,334977.0
Davison,SD,1099.0,10.0,19753.0
Dawes,NE,270.0,5.0,8972.0
Dawson,GA,927.0,11.0,23397.0
Dawson,MT,278.0,4.0,9324.0
Dawson,NE,1363.0,15.0,23925.0
Dawson,TX,897.0,19.0,13095.0
Day,SD,177.0,2.0,5524.0
De Baca,NM,2.0,0.0,2016.0
De Soto,LA,1045.0,35.0,27164.0
De Witt,IL,303.0,6.0,16176.0
DeKalb,AL,3691.0,30.0,71194.0
DeKalb,GA,21678.0,403.0,736066.0
DeKalb,IL,2779.0,43.0,104473.0
DeKalb,IN,914.0,13.0,42524.0
DeKalb,MO,320.0,2.0,12564.0
DeKalb,TN,793.0,18.0,19380.0
DeSoto,FL,1685.0,29.0,35675.0
DeSoto,MS,7552.0,81.0,173267.0
DeWitt,TX,1087.0,44.0,20474.0
Deaf Smith,TX,1042.0,27.0,18947.0
Dearborn,IN,1150.0,28.0,49564.0
Decatur,GA,1315.0,35.0,27023.0
Decatur,IA,177.0,0.0,8105.0
Decatur,IN,617.0,39.0,26480.0
Decatur,KS,121.0,1.0,2891.0
Decatur,TN,689.0,11.0,11681.0
Deer Lodge,MT,473.0,1.0,9131.0
Defiance,OH,607.0,14.0,38311.0
Del Norte,CA,181.0,1.0,27442.0
Delaware,IA,883.0,15.0,17326.0
Delaware,IN,3393.0,83.0,115938.0
Delaware,NY,192.0,7.0,45950.0
Delaware,OH,3227.0,28.0,193024.0
Delaware,OK,1319.0,28.0,41878.0
Delaware,PA,14001.0,771.0,563384.0
Delta,CO,217.0,3.0,30217.0
Delta,MI,1397.0,38.0,36395.0
Delta,TX,36.0,0.0,5172.0
Dent,MO,276.0,4.0,15566.0
Denton,TX,14978.0,177.0,781321.0
Denver,CO,19878.0,452.0,678467.0
Des Moines,IA,1644.0,11.0,39876.0
Deschutes,OR,1267.0,13.0,175321.0
Desha,AR,431.0,7.0,12094.0
Deuel,NE,15.0,0.0,1901.0
Deuel,SD,201.0,1.0,4282.0
Dewey,OK,94.0,1.0,4904.0
Dewey,SD,404.0,0.0,5709.0
Dickens,TX,55.0,2.0,2224.0
Dickenson,VA,155.0,1.0,15181.0
Dickey,ND,333.0,6.0,5041.0
Dickinson,IA,846.0,9.0,17000.0
Dickinson,KS,349.0,4.0,19162.0
Dickinson,MI,760.0,21.0,25694.0
Dickson,TN,1797.0,20.0,51341.0
Dillon,SC,1336.0,48.0,31073.0
Dimmit,TX,294.0,7.0,10822.0
Dinwiddie,VA,540.0,12.0,28033.0
District of Columbia,DC,17369.0,646.0,672391.0
Divide,ND,71.0,1.0,2378.0
Dixie,FL,910.0,11.0,16323.0
Dixon,NE,170.0,2.0,5765.0
Doddridge,WV,72.0,1.0,8570.0
Dodge,GA,642.0,19.0,21063.0
Dodge,MN,432.0,0.0,20485.0
Dodge,NE,1776.0,20.0,36576.0
Dodge,WI,4746.0,35.0,87833.0
Dolores,CO,3.0,0.0,1736.0
Doniphan,KS,215.0,1.0,7790.0
Donley,TX,86.0,1.0,3433.0
Dooly,GA,379.0,18.0,14053.0
Door,WI,953.0,9.0,27443.0
Dorchester,MD,829.0,12.0,32386.0
Dorchester,SC,4918.0,102.0,151716.0
Dougherty,GA,3318.0,191.0,91522.0
Douglas,CO,4458.0,65.0,320940.0
Douglas,GA,4204.0,73.0,140152.0
Douglas,IL,825.0,9.0,19830.0
Douglas,KS,2964.0,19.0,117806.0
Douglas,MN,859.0,4.0,36891.0
Douglas,MO,305.0,12.0,13391.0
Douglas,NE,23605.0,232.0,549706.0
Douglas,NV,426.0,1.0,47632.0
Douglas,OR,384.0,8.0,107576.0
Douglas,SD,180.0,5.0,2940.0
Douglas,WA,1243.0,11.0,40585.0
Douglas,WI,843.0,1.0,43503.0
Drew,AR,440.0,7.0,18620.0
DuPage,IL,25681.0,622.0,931826.0
Dubois,IN,1635.0,28.0,42379.0
Dubuque,IA,5849.0,61.0,96571.0
Duchesne,UT,0.0,0.0,20259.0
Dundy,NE,29.0,1.0,2017.0
Dunklin,MO,1198.0,13.0,30905.0
Dunn,ND,217.0,5.0,4349.0
Dunn,WI,1193.0,1.0,44260.0
Duplin,NC,2862.0,54.0,59350.0
Durham,NC,9292.0,102.0,300865.0
Dutchess,NY,5565.0,165.0,295685.0
Duval,FL,35429.0,523.0,912043.0
Duval,TX,499.0,21.0,11434.0
Dyer,TN,2398.0,38.0,37751.0
Eagle,CO,1521.0,10.0,53726.0
Early,GA,558.0,35.0,10405.0
East Baton Rouge,LA,16289.0,459.0,446167.0
East Carroll,LA,589.0,6.0,7318.0
East Feliciana,LA,1802.0,78.0,19553.0
Eastland,TX,265.0,8.0,18278.0
Eaton,MI,1304.0,11.0,108586.0
Eau Claire,WI,3960.0,21.0,102388.0
Echols,GA,246.0,2.0,4011.0
Ector,TX,6547.0,121.0,155744.0
Eddy,ND,219.0,3.0,2321.0
Eddy,NM,1582.0,24.0,56793.0
Edgar,IL,175.0,11.0,17603.0
Edgecombe,NC,2068.0,60.0,54032.0
Edgefield,SC,939.0,23.0,26620.0
Edmonson,KY,192.0,12.0,12063.0
Edmunds,SD,154.0,1.0,3971.0
Edwards,IL,116.0,0.0,6570.0
Edwards,KS,82.0,0.0,2946.0
Edwards,TX,72.0,2.0,2111.0
Effingham,GA,1863.0,29.0,57087.0
Effingham,IL,1330.0,4.0,34164.0
El Dorado,CA,1390.0,4.0,185015.0
El Paso,CO,11214.0,204.0,674826.0
El Paso,TX,50114.0,642.0,834825.0
Elbert,CO,246.0,3.0,24553.0
Elbert,GA,769.0,10.0,19288.0
Elk,KS,13.0,0.0,2581.0
Elk,PA,198.0,2.0,30781.0
Elkhart,IN,10310.0,151.0,202924.0
Elko,NV,1520.0,14.0,52377.0
Elliott,KY,340.0,0.0,7533.0
Ellis,KS,1451.0,18.0,28877.0
Ellis,OK,30.0,0.0,4102.0
Ellis,TX,5043.0,83.0,164092.0
Ellsworth,KS,330.0,1.0,6331.0
Elmore,AL,3314.0,59.0,80989.0
Elmore,ID,581.0,4.0,26232.0
Emanuel,GA,1216.0,39.0,22502.0
Emery,UT,0.0,0.0,10410.0
Emmet,IA,474.0,21.0,9661.0
Emmet,MI,332.0,4.0,32978.0
Emmons,ND,292.0,9.0,3389.0
Erath,TX,1065.0,17.0,41016.0
Erie,NY,13531.0,717.0,923995.0
Erie,OH,1274.0,54.0,75369.0
Erie,PA,2261.0,40.0,277794.0
Escambia,AL,1768.0,31.0,37621.0
Escambia,FL,13704.0,272.0,309924.0
Esmeralda,NV,0.0,0.0,1102.0
Essex,MA,24500.0,1358.0,775860.0
Essex,NJ,25292.0,2144.0,800401.0
Essex,NY,203.0,0.0,38233.0
Essex,VA,201.0,2.0,11083.0
Essex,VT,9.0,0.0,6203.0
Estill,KY,306.0,0.0,14382.0
Etowah,AL,4530.0,54.0,103132.0
Eureka,NV,13.0,0.0,1728.0
Evangeline,LA,1426.0,40.0,33750.0
Evans,GA,489.0,7.0,10757.0
Fairfax,VA,24233.0,605.0,1142004.0
Fairfield,CT,24155.0,1436.0,947328.0
Fairfield,OH,3097.0,58.0,151526.0
Fairfield,SC,875.0,40.0,22868.0
Fall River,SD,233.0,6.0,6783.0
Fallon,MT,85.0,0.0,2925.0
Falls,TX,690.0,6.0,17289.0
Fannin,GA,841.0,27.0,24480.0
Fannin,TX,798.0,20.0,33787.0
Faribault,MN,268.0,0.0,13966.0
Faulk,SD,224.0,2.0,2327.0
Faulkner,AR,3543.0,39.0,121282.0
Fauquier,VA,1122.0,27.0,68406.0
Fayette,AL,608.0,14.0,16657.0
Fayette,GA,2193.0,57.0,110306.0
Fayette,IA,453.0,4.0,20139.0
Fayette,IL,735.0,24.0,21980.0
Fayette,IN,925.0,23.0,23426.0
Fayette,KY,11369.0,93.0,315109.0
Fayette,OH,507.0,10.0,28659.0
Fayette,PA,1074.0,15.0,133160.0
Fayette,TN,1788.0,27.0,39336.0
Fayette,TX,683.0,22.0,24963.0
Fayette,WV,796.0,24.0,44602.0
Fentress,TN,958.0,12.0,17940.0
Fergus,MT,260.0,2.0,11327.0
Ferry,WA,35.0,0.0,7568.0
Fillmore,MN,309.0,0.0,20825.0
Fillmore,NE,128.0,2.0,5603.0
Finney,KS,3110.0,20.0,37097.0
Fisher,TX,117.0,4.0,3875.0
Flagler,FL,2181.0,39.0,105015.0
Flathead,MT,3615.0,27.0,96147.0
Fleming,KY,200.0,0.0,14515.0
Florence,SC,5720.0,203.0,138537.0
Florence,WI,223.0,8.0,4354.0
Floyd,GA,4114.0,61.0,96471.0
Floyd,IA,485.0,11.0,15904.0
Floyd,IN,2032.0,69.0,76481.0
Floyd,KY,475.0,4.0,37447.0
Floyd,TX,128.0,9.0,5953.0
Floyd,VA,257.0,15.0,15594.0
Fluvanna,VA,436.0,9.0,26109.0
Foard,TX,22.0,1.0,1414.0
Fond du Lac,WI,5111.0,23.0,102082.0
Ford,IL,222.0,16.0,13470.0
Ford,KS,3302.0,13.0,34658.0
Forest,PA,19.0,1.0,7388.0
Forest,WI,505.0,11.0,9035.0
Forrest,MS,3166.0,80.0,75835.0
Forsyth,GA,4906.0,54.0,211300.0
Forsyth,NC,9221.0,121.0,368362.0
Fort Bend,TX,17735.0,310.0,711421.0
Foster,ND,205.0,2.0,3318.0
Fountain,IN,402.0,3.0,16620.0
Franklin,AL,2185.0,32.0,31507.0
Franklin,AR,575.0,2.0,17803.0
Franklin,FL,784.0,4.0,11675.0
Franklin,GA,962.0,18.0,22328.0
Franklin,IA,412.0,18.0,10326.0
Franklin,ID,384.0,2.0,13120.0
Franklin,IL,1110.0,10.0,39302.0
Franklin,IN,406.0,26.0,22835.0
Franklin,KS,576.0,5.0,25599.0
Franklin,KY,906.0,14.0,49969.0
Franklin,MA,483.0,73.0,70926.0
Franklin,ME,86.0,1.0,30177.0
Franklin,MO,2941.0,48.0,102413.0
Franklin,MS,258.0,3.0,7772.0
Franklin,NC,1497.0,32.0,63866.0
Franklin,NE,94.0,0.0,3019.0
Franklin,NY,87.0,0.0,51054.0
Franklin,OH,34517.0,643.0,1253507.0
Franklin,PA,2329.0,55.0,153003.0
Franklin,TN,1357.0,25.0,41397.0
Franklin,TX,223.0,7.0,10639.0
Franklin,VA,945.0,6.0,56277.0
Franklin,VT,143.0,7.0,48816.0
Franklin,WA,4948.0,68.0,89124.0
Franklin,LA,1359.0,47.0,20388.0
Frederick,MD,4909.0,139.0,246105.0
Frederick,VA,1215.0,13.0,83784.0
Freeborn,MN,758.0,5.0,30619.0
Freestone,TX,463.0,4.0,19646.0
Fremont,CO,839.0,2.0,46601.0
Fremont,IA,224.0,2.0,6985.0
Fremont,ID,504.0,4.0,12889.0
Fremont,WY,1505.0,15.0,40354.0
Fresno,CA,31558.0,443.0,971616.0
Frio,TX,1020.0,9.0,19110.0
Frontier,NE,45.0,0.0,2624.0
Fulton,AR,348.0,10.0,12092.0
Fulton,GA,31753.0,628.0,1010420.0
Fulton,IL,657.0,2.0,35733.0
Fulton,IN,440.0,11.0,20296.0
Fulton,KY,239.0,3.0,6259.0
Fulton,NY,367.0,24.0,53955.0
Fulton,OH,647.0,16.0,42296.0
Fulton,PA,95.0,4.0,14631.0
Furnas,NE,112.0,3.0,4814.0
Gadsden,FL,3072.0,56.0,46113.0
Gage,NE,600.0,5.0,21632.0
Gaines,TX,581.0,12.0,19889.0
Gallatin,IL,117.0,2.0,5226.0
Gallatin,KY,131.0,8.0,8652.0
Gallatin,MT,3550.0,8.0,100733.0
Gallia,OH,334.0,13.0,30203.0
Galveston,TX,12703.0,169.0,321184.0
Garden,NE,48.0,0.0,1913.0
Garfield,CO,1239.0,5.0,57945.0
Garfield,MT,30.0,0.0,1086.0
Garfield,NE,35.0,0.0,1958.0
Garfield,OK,2543.0,28.0,62421.0
Garfield,UT,0.0,0.0,5020.0
Garfield,WA,26.0,0.0,2226.0
Garland,AR,2645.0,70.0,97994.0
Garrard,KY,370.0,4.0,17226.0
Garrett,MD,150.0,1.0,29516.0
Garvin,OK,774.0,6.0,27751.0
Garza,TX,123.0,8.0,6739.0
Gasconade,MO,289.0,24.0,14769.0
Gaston,NC,7863.0,135.0,214049.0
Gates,NC,169.0,3.0,11601.0
Geary,KS,394.0,4.0,35796.0
Geauga,OH,991.0,50.0,93895.0
Gem,ID,452.0,6.0,16850.0
Genesee,MI,7352.0,343.0,410881.0
Genesee,NY,411.0,5.0,58537.0
Geneva,AL,975.0,7.0,26572.0
Gentry,MO,201.0,10.0,6688.0
George,MS,1037.0,20.0,23545.0
Georgetown,SC,2403.0,56.0,61065.0
Gibson,IN,1038.0,12.0,33596.0
Gibson,TN,2244.0,48.0,49222.0
Gila,AZ,1989.0,72.0,53145.0
Gilchrist,FL,614.0,18.0,17191.0
Giles,TN,1027.0,38.0,29024.0
Giles,VA,146.0,0.0,16867.0
Gillespie,TX,365.0,10.0,25939.0
Gilliam,OR,17.0,0.0,1910.0
Gilmer,GA,1065.0,23.0,29614.0
Gilmer,WV,65.0,0.0,8305.0
Gilpin,CO,30.0,0.0,5793.0
Glacier,MT,1003.0,16.0,13677.0
Glades,FL,610.0,6.0,13197.0
Gladwin,MI,240.0,2.0,25324.0
Glascock,GA,52.0,2.0,3027.0
Glasscock,TX,13.0,0.0,1420.0
Glenn,CA,685.0,3.0,27935.0
Gloucester,NJ,5679.0,250.0,291372.0
Gloucester,VA,357.0,3.0,37035.0
Glynn,GA,3792.0,104.0,83467.0
Gogebic,MI,462.0,11.0,15577.0
Golden Valley,MT,16.0,0.0,747.0
Golden Valley,ND,121.0,0.0,1892.0
Goliad,TX,166.0,6.0,7510.0
Gonzales,TX,1133.0,20.0,20558.0
Goochland,VA,340.0,7.0,22148.0
Goodhue,MN,734.0,11.0,46138.0
Gooding,ID,636.0,9.0,15110.0
Gordon,GA,2455.0,47.0,56424.0
Goshen,WY,184.0,3.0,13479.0
Gosper,NE,62.0,0.0,2019.0
Gove,KS,185.0,12.0,2632.0
Grady,GA,871.0,25.0,25048.0
Grady,OK,1692.0,16.0,54351.0
Grafton,NH,255.0,1.0,89280.0
Graham,AZ,1281.0,29.0,37700.0
Graham,KS,57.0,1.0,2561.0
Graham,NC,252.0,8.0,8607.0
Grainger,TN,649.0,4.0,22942.0
Grand,CO,159.0,1.0,14793.0
Grand,UT,0.0,0.0,9544.0
Grand Forks,ND,4624.0,22.0,70130.0
Grand Isle,VT,17.0,0.0,6950.0
Grand Traverse,MI,874.0,14.0,91222.0
Granite,MT,71.0,0.0,3206.0
Grant,AR,382.0,4.0,18076.0
Grant,IN,1483.0,41.0,67615.0
Grant,KS,470.0,8.0,7716.0
Grant,KY,288.0,6.0,24800.0
Grant,MN,111.0,5.0,5923.0
Grant,ND,84.0,4.0,2387.0
Grant,NE,5.0,0.0,682.0
Grant,NM,206.0,4.0,28382.0
Grant,OK,114.0,2.0,4458.0
Grant,OR,14.0,0.0,7209.0
Grant,SD,326.0,2.0,7133.0
Grant,WA,3382.0,28.0,93420.0
Grant,WI,2043.0,36.0,51742.0
Grant,WV,199.0,8.0,11673.0
Grant,LA,545.0,30.0,22305.0
Granville,NC,2069.0,50.0,58503.0
Gratiot,MI,594.0,17.0,41319.0
Graves,KY,948.0,30.0,37259.0
Gray,KS,211.0,2.0,6004.0
Gray,TX,516.0,10.0,22962.0
Grays Harbor,WA,726.0,11.0,71454.0
Grayson,KY,560.0,16.0,26129.0
Grayson,TX,2752.0,75.0,126146.0
Grayson,VA,395.0,19.0,15708.0
Greeley,KS,34.0,0.0,1210.0
Greeley,NE,48.0,0.0,2436.0
Green,KY,344.0,8.0,11044.0
Green,WI,1058.0,6.0,36869.0
Green Lake,WI,815.0,4.0,18745.0
Greenbrier,WV,217.0,4.0,35523.0
Greene,AL,351.0,17.0,8533.0
Greene,AR,1666.0,20.0,44197.0
Greene,GA,584.0,25.0,16732.0
Greene,IA,209.0,0.0,9046.0
Greene,IL,342.0,17.0,13311.0
Greene,IN,636.0,40.0,32431.0
Greene,MO,9668.0,140.0,286759.0
Greene,MS,488.0,18.0,13801.0
Greene,NC,973.0,13.0,21059.0
Greene,NY,516.0,18.0,47791.0
Greene,OH,2828.0,42.0,164825.0
Greene,PA,268.0,1.0,37338.0
Greene,TN,1973.0,55.0,68520.0
Greene,VA,298.0,3.0,19213.0
Greenlee,AZ,104.0,1.0,9368.0
Greensville,VA,909.0,15.0,11606.0
Greenup,KY,679.0,12.0,36012.0
Greenville,SC,18207.0,353.0,490332.0
Greenwood,KS,108.0,0.0,6227.0
Greenwood,SC,2604.0,76.0,69981.0
Greer,OK,159.0,8.0,6018.0
Gregg,TX,2612.0,87.0,123402.0
Gregory,SD,254.0,10.0,4209.0
Grenada,MS,1245.0,41.0,21379.0
Griggs,ND,110.0,1.0,2276.0
Grimes,TX,1193.0,36.0,27358.0
Grundy,IA,375.0,6.0,12354.0
Grundy,IL,1125.0,7.0,50333.0
Grundy,MO,284.0,11.0,10111.0
Grundy,TN,605.0,13.0,13359.0
Guadalupe,NM,46.0,1.0,4426.0
Guadalupe,TX,3903.0,81.0,150889.0
Guernsey,OH,439.0,8.0,39414.0
Guilford,NC,11962.0,210.0,517197.0
Gulf,FL,956.0,15.0,16018.0
Gunnison,CO,322.0,7.0,16215.0
Guthrie,IA,427.0,15.0,10664.0
Gwinnett,GA,31218.0,450.0,889954.0
Haakon,SD,104.0,2.0,2084.0
Habersham,GA,1909.0,78.0,43878.0
Hale,AL,796.0,30.0,14995.0
Hale,TX,2678.0,64.0,34527.0
Halifax,NC,1484.0,27.0,52300.0
Halifax,VA,553.0,8.0,35030.0
Hall,GA,10845.0,179.0,192865.0
Hall,NE,2790.0,52.0,61233.0
Hall,TX,44.0,1.0,3102.0
Hamblen,TN,2584.0,50.0,63465.0
Hamilton,FL,910.0,10.0,14238.0
Hamilton,IA,504.0,5.0,15201.0
Hamilton,IL,148.0,2.0,8259.0
Hamilton,IN,7085.0,125.0,309687.0
Hamilton,KS,64.0,0.0,2621.0
Hamilton,NE,255.0,12.0,9149.0
Hamilton,NY,19.0,0.0,4646.0
Hamilton,OH,19030.0,349.0,808703.0
Hamilton,TN,12313.0,111.0,354589.0
Hamilton,TX,206.0,5.0,8220.0
Hamlin,SD,225.0,0.0,5911.0
Hampden,MA,10359.0,821.0,469188.0
Hampshire,WV,144.0,1.0,23412.0
Hampton,SC,772.0,31.0,20066.0
Hancock,GA,419.0,44.0,8667.0
Hancock,IA,410.0,6.0,10971.0
Hancock,IL,369.0,4.0,18264.0
Hancock,IN,1368.0,44.0,72776.0
Hancock,KY,167.0,3.0,8700.0
Hancock,ME,74.0,1.0,54468.0
Hancock,MS,898.0,30.0,46277.0
Hancock,OH,1284.0,30.0,75508.0
Hancock,TN,128.0,3.0,6605.0
Hancock,WV,242.0,1.0,29921.0
Hand,SD,150.0,1.0,3303.0
Hanover,VA,1721.0,44.0,103218.0
Hansford,TX,199.0,6.0,5532.0
Hanson,SD,110.0,1.0,3404.0
Haralson,GA,673.0,11.0,28722.0
Hardee,FL,1625.0,16.0,27326.0
Hardeman,TN,1956.0,33.0,25784.0
Hardeman,TX,63.0,3.0,3990.0
Hardin,IA,551.0,7.0,17239.0
Hardin,IL,59.0,0.0,4161.0
Hardin,KY,2304.0,13.0,107699.0
Hardin,OH,416.0,14.0,31576.0
Hardin,TN,1453.0,23.0,25813.0
Hardin,TX,1461.0,35.0,55993.0
Harding,NM,1.0,0.0,546.0
Harding,SD,58.0,0.0,1281.0
Hardy,WV,108.0,1.0,13812.0
Harford,MD,3726.0,82.0,250132.0
Harlan,KY,625.0,14.0,27548.0
Harlan,NE,66.0,0.0,3469.0
Harmon,OK,78.0,0.0,2758.0
Harnett,NC,3059.0,72.0,128753.0
Harney,OR,39.0,0.0,7195.0
Harper,KS,164.0,3.0,5746.0
Harper,OK,80.0,2.0,3843.0
Harris,GA,857.0,25.0,33198.0
Harris,TX,162306.0,2811.0,4525519.0
Harrison,IA,741.0,17.0,14196.0
Harrison,IN,888.0,24.0,39450.0
Harrison,KY,286.0,1.0,18630.0
Harrison,MO,197.0,1.0,8615.0
Harrison,MS,5625.0,89.0,200491.0
Harrison,OH,93.0,3.0,15397.0
Harrison,TX,1121.0,39.0,66606.0
Harrison,WV,682.0,12.0,68438.0
Hart,GA,601.0,17.0,25535.0
Hart,KY,484.0,1.0,18531.0
Hartford,CT,18184.0,1481.0,897417.0
Hartley,TX,179.0,0.0,5821.0
Harvey,KS,619.0,7.0,34683.0
Haskell,KS,103.0,1.0,4081.0
Haskell,OK,404.0,5.0,12746.0
Haskell,TX,86.0,3.0,5806.0
Hawaii,HI,1300.0,31.0,196325.0
Hawkins,TN,1300.0,29.0,56402.0
Hayes,NE,25.0,0.0,957.0
Hays,TX,6132.0,87.0,194843.0
Haywood,NC,751.0,36.0,59854.0
Haywood,TN,1339.0,28.0,17944.0
Heard,GA,241.0,6.0,11607.0
Hemphill,TX,156.0,1.0,4152.0
Hempstead,AR,593.0,5.0,22154.0
Henderson,IL,137.0,0.0,6927.0
Henderson,KY,1405.0,29.0,46252.0
Henderson,NC,2575.0,67.0,112156.0
Henderson,TN,1455.0,26.0,27889.0
Henderson,TX,1332.0,36.0,79687.0
Hendricks,IN,3678.0,140.0,158170.0
Hendry,FL,2242.0,44.0,39064.0
Hennepin,MN,36936.0,1002.0,1224763.0
Henrico,VA,6526.0,240.0,324073.0
Henry,AL,747.0,6.0,17110.0
Henry,GA,6395.0,114.0,217506.0
Henry,IA,1178.0,6.0,19865.0
Henry,IL,888.0,9.0,49649.0
Henry,IN,1556.0,30.0,48649.0
Henry,KY,317.0,2.0,15677.0
Henry,MO,444.0,8.0,21834.0
Henry,OH,584.0,17.0,27463.0
Henry,TN,860.0,12.0,32263.0
Henry,VA,1397.0,32.0,51956.0
Herkimer,NY,399.0,10.0,62943.0
Hernando,FL,3812.0,175.0,179144.0
Hertford,NC,865.0,34.0,24262.0
Hettinger,ND,141.0,2.0,2601.0
Hickman,KY,125.0,1.0,4625.0
Hickman,TN,846.0,15.0,24502.0
Hickory,MO,255.0,4.0,9352.0
Hidalgo,NM,125.0,2.0,4446.0
Hidalgo,TX,35785.0,1952.0,839539.0
Highland,OH,580.0,9.0,43031.0
Highland,VA,10.0,0.0,2213.0
Highlands,FL,2706.0,118.0,100177.0
Hill,MT,896.0,20.0,16468.0
Hill,TX,858.0,16.0,35098.0
Hillsborough,FL,48669.0,816.0,1351087.0
Hillsborough,NH,5615.0,323.0,406371.0
Hillsdale,MI,579.0,29.0,45909.0
Hinds,MS,8193.0,180.0,243249.0
Hinsdale,CO,4.0,0.0,820.0
Hitchcock,NE,53.0,0.0,2860.0
Hocking,OH,249.0,9.0,28547.0
Hockley,TX,754.0,19.0,23273.0
Hodgeman,KS,36.0,0.0,1875.0
Hoke,NC,1596.0,25.0,52571.0
Holmes,FL,932.0,12.0,19483.0
Holmes,MS,1156.0,60.0,18267.0
Holmes,OH,929.0,14.0,43808.0
Holt,MO,127.0,1.0,4499.0
Holt,NE,328.0,5.0,10293.0
Honolulu,HI,13186.0,170.0,990060.0
Hood,TX,1233.0,41.0,55418.0
Hood River,OR,290.0,1.0,22938.0
Hooker,NE,25.0,1.0,684.0
Hopkins,KY,1119.0,43.0,45985.0
Hopkins,TX,693.0,36.0,35929.0
Horry,SC,12640.0,233.0,310186.0
Hot Spring,AR,2297.0,37.0,33480.0
Hot Springs,WY,55.0,0.0,4741.0
Houghton,MI,986.0,9.0,36333.0
Houston,AL,4320.0,35.0,104108.0
Houston,GA,3740.0,95.0,150341.0
Houston,MN,260.0,2.0,18709.0
Houston,TN,439.0,17.0,8188.0
Houston,TX,430.0,14.0,22849.0
Howard,AR,625.0,14.0,13472.0
Howard,IA,293.0,9.0,9321.0
Howard,IN,1827.0,68.0,82457.0
Howard,MD,5988.0,129.0,312495.0
Howard,MO,273.0,2.0,10144.0
Howard,NE,172.0,5.0,6385.0
Howard,TX,1222.0,21.0,36491.0
Howell,MO,1274.0,14.0,40139.0
Hubbard,MN,510.0,5.0,20743.0
Hudson,NJ,23633.0,1530.0,679756.0
Hudspeth,TX,114.0,3.0,3702.0
Huerfano,CO,38.0,2.0,6498.0
Hughes,OK,422.0,6.0,13519.0
Hughes,SD,921.0,8.0,17572.0
Humboldt,CA,571.0,10.0,135490.0
Humboldt,IA,395.0,3.0,9586.0
Humboldt,NV,178.0,4.0,17088.0
Humphreys,MS,469.0,17.0,8678.0
Humphreys,TN,472.0,4.0,18281.0
Hunt,TX,2075.0,46.0,90322.0
Hunterdon,NJ,1626.0,127.0,125717.0
Huntingdon,PA,1041.0,19.0,45686.0
Huntington,IN,552.0,5.0,36520.0
Huron,MI,292.0,7.0,31750.0
Huron,OH,773.0,16.0,58497.0
Hutchinson,SD,252.0,2.0,7277.0
Hutchinson,TX,338.0,7.0,21704.0
Hyde,NC,175.0,5.0,5507.0
Hyde,SD,51.0,0.0,1373.0
Iberia,LA,3088.0,97.0,73346.0
Iberville,LA,1497.0,61.0,33122.0
Ida,IA,247.0,2.0,6965.0
Idaho,ID,380.0,1.0,16275.0
Imperial,CA,13038.0,338.0,179957.0
Independence,AR,1528.0,58.0,37097.0
Indian River,FL,3927.0,125.0,147981.0
Indiana,PA,1222.0,17.0,86551.0
Ingham,MI,4928.0,69.0,286185.0
Inyo,CA,241.0,15.0,18195.0
Ionia,MI,834.0,8.0,64147.0
Iosco,MI,314.0,16.0,25317.0
Iowa,IA,488.0,10.0,16231.0
Iowa,WI,569.0,2.0,23576.0
Iredell,NC,3967.0,34.0,169798.0
Irion,TX,14.0,0.0,1592.0
Iron,MI,475.0,26.0,11291.0
Iron,MO,115.0,0.0,10286.0
Iron,UT,0.0,0.0,48504.0
Iron,WI,216.0,4.0,5748.0
Iroquois,IL,572.0,19.0,28457.0
Irwin,GA,361.0,8.0,9278.0
Isabella,MI,1142.0,15.0,70572.0
Isanti,MN,636.0,7.0,38584.0
Island,WA,404.0,12.0,80323.0
Isle of Wight,VA,883.0,26.0,36090.0
Issaquena,MS,107.0,4.0,1296.0
Itasca,MN,847.0,17.0,45237.0
Itawamba,MS,1207.0,29.0,23439.0
Izard,AR,673.0,2.0,13521.0
Jack,TX,155.0,3.0,8839.0
Jackson,AL,2347.0,19.0,52326.0
Jackson,AR,907.0,6.0,17429.0
Jackson,CO,9.0,0.0,1372.0
Jackson,FL,3162.0,83.0,48571.0
Jackson,GA,2473.0,42.0,63851.0
Jackson,IA,768.0,3.0,19409.0
Jackson,IL,1660.0,26.0,59115.0
Jackson,IN,1299.0,20.0,43779.0
Jackson,KS,344.0,4.0,13322.0
Jackson,KY,500.0,17.0,13369.0
Jackson,MI,2004.0,70.0,158989.0
Jackson,MN,240.0,1.0,10104.0
Jackson,MO,10582.0,140.0,688554.0
Jackson,MS,4952.0,91.0,141314.0
Jackson,NC,1117.0,7.0,41725.0
Jackson,OH,539.0,8.0,32624.0
Jackson,OK,1189.0,14.0,25574.0
Jackson,OR,1911.0,7.0,212070.0
Jackson,SD,137.0,3.0,3275.0
Jackson,TN,484.0,8.0,11573.0
Jackson,TX,656.0,16.0,14756.0
Jackson,WI,602.0,2.0,20531.0
Jackson,WV,411.0,24.0,29123.0
Jackson,LA,875.0,24.0,15952.0
James City,VA,969.0,22.0,73028.0
Jasper,GA,249.0,4.0,13732.0
Jasper,IA,1318.0,34.0,36789.0
Jasper,IL,294.0,10.0,9608.0
Jasper,IN,819.0,5.0,33448.0
Jasper,MO,5572.0,77.0,118522.0
Jasper,MS,708.0,18.0,16547.0
Jasper,SC,943.0,23.0,27465.0
Jasper,TX,520.0,34.0,35444.0
Jay,IN,421.0,7.0,21107.0
Jeff Davis,GA,811.0,23.0,14999.0
Jeff Davis,TX,23.0,0.0,2236.0
Jefferson,AL,24472.0,388.0,659460.0
Jefferson,AR,4302.0,102.0,71373.0
Jefferson,CO,9533.0,319.0,564029.0
Jefferson,FL,682.0,9.0,14085.0
Jefferson,GA,857.0,33.0,15954.0
Jefferson,IA,282.0,1.0,17945.0
Jefferson,ID,1025.0,4.0,27410.0
Jefferson,IL,1017.0,52.0,38358.0
Jefferson,IN,448.0,5.0,32293.0
Jefferson,KS,300.0,6.0,18856.0
Jefferson,KY,23898.0,368.0,764378.0
Jefferson,MO,6025.0,89.0,222639.0
Jefferson,MS,287.0,10.0,7463.0
Jefferson,MT,186.0,0.0,11625.0
Jefferson,NE,103.0,0.0,7276.0
Jefferson,NY,222.0,0.0,116567.0
Jefferson,OH,553.0,4.0,67349.0
Jefferson,OK,90.0,0.0,6270.0
Jefferson,OR,611.0,10.0,22707.0
Jefferson,PA,226.0,4.0,44258.0
Jefferson,TN,1636.0,24.0,52887.0
Jefferson,TX,8471.0,155.0,254574.0
Jefferson,WA,88.0,0.0,30524.0
Jefferson,WI,3016.0,19.0,84586.0
Jefferson,WV,626.0,5.0,55673.0
Jefferson Davis,MS,428.0,13.0,11639.0
Jefferson Davis,LA,1357.0,44.0,31405.0
Jefferson,LA,18866.0,589.0,437038.0
Jenkins,GA,472.0,32.0,8929.0
Jennings,IN,442.0,13.0,27840.0
Jerauld,SD,170.0,13.0,2034.0
Jerome,ID,1198.0,9.0,23039.0
Jersey,IL,495.0,21.0,22215.0
Jessamine,KY,1059.0,14.0,51667.0
Jewell,KS,29.0,1.0,2963.0
Jim Hogg,TX,183.0,6.0,5262.0
Jim Wells,TX,1726.0,52.0,41318.0
Jo Daviess,IL,584.0,9.0,22046.0
Johnson,AR,1063.0,8.0,26155.0
Johnson,GA,440.0,23.0,9800.0
Johnson,IA,6264.0,31.0,144425.0
Johnson,IL,408.0,0.0,12899.0
Johnson,IN,3599.0,147.0,149359.0
Johnson,KS,15049.0,205.0,578797.0
Johnson,KY,417.0,2.0,23064.0
Johnson,MO,1574.0,10.0,53941.0
Johnson,NE,116.0,0.0,5200.0
Johnson,TN,1222.0,8.0,17846.0
Johnson,TX,3821.0,67.0,160173.0
Johnson,WY,132.0,2.0,8562.0
Johnston,NC,5845.0,66.0,186308.0
Johnston,OK,310.0,4.0,11039.0
Jones,GA,657.0,17.0,28540.0
Jones,IA,590.0,4.0,20468.0
Jones,MS,3022.0,84.0,68328.0
Jones,NC,202.0,15.0,9776.0
Jones,SD,34.0,0.0,740.0
Jones,TX,610.0,3.0,19969.0
Josephine,OR,277.0,3.0,84514.0
Juab,UT,0.0,0.0,10694.0
Judith Basin,MT,16.0,0.0,1965.0
Juneau,WI,852.0,5.0,26427.0
Juniata,PA,248.0,8.0,24448.0
Kalamazoo,MI,5237.0,114.0,259830.0
Kalkaska,MI,145.0,4.0,17358.0
Kanabec,MN,250.0,10.0,15948.0
Kanawha,WV,3828.0,106.0,187827.0
Kandiyohi,MN,1921.0,5.0,42577.0
Kane,IL,18650.0,356.0,529402.0
Kane,UT,0.0,0.0,7246.0
Kankakee,IL,3867.0,81.0,110801.0
Karnes,TX,960.0,18.0,15051.0
Kauai,HI,65.0,0.0,71093.0
Kaufman,TX,3629.0,59.0,114852.0
Kay,OK,920.0,16.0,45173.0
Kearney,NE,263.0,0.0,6547.0
Kearny,KS,159.0,6.0,3931.0
Keith,NE,123.0,0.0,8129.0
Kemper,MS,336.0,15.0,10082.0
Kendall,IL,3083.0,30.0,122933.0
Kendall,TX,391.0,10.0,40306.0
Kenedy,TX,11.0,2.0,564.0
Kenosha,WI,5570.0,88.0,167886.0
Kent,DE,3606.0,121.0,173145.0
Kent,MD,348.0,25.0,19666.0
Kent,MI,15950.0,188.0,636376.0
Kent,TX,12.0,0.0,680.0
Kenton,KY,3006.0,51.0,163987.0
Keokuk,IA,213.0,1.0,10223.0
Kern,CA,34378.0,424.0,878744.0
Kerr,TX,714.0,14.0,50761.0
Kershaw,SC,2535.0,49.0,63734.0
Kewaunee,WI,1176.0,8.0,20378.0
Keweenaw,MI,23.0,0.0,2136.0
Keya Paha,NE,9.0,0.0,720.0
Kidder,ND,111.0,2.0,2457.0
Kimball,NE,65.0,0.0,3688.0
Kimble,TX,31.0,2.0,4432.0
King,TX,1.0,0.0,289.0
King,WA,27951.0,815.0,2118119.0
King George,VA,290.0,5.0,25564.0
King William,VA,213.0,4.0,16329.0
King and Queen,VA,87.0,2.0,7052.0
Kingfisher,OK,591.0,3.0,15510.0
Kingman,KS,136.0,3.0,7576.0
Kings,CA,8612.0,83.0,150183.0
Kings,NY,76238.0,7404.0,2635121.0
Kingsbury,SD,221.0,2.0,5000.0
Kinney,TX,79.0,1.0,3631.0
Kiowa,CO,6.0,0.0,1368.0
Kiowa,KS,69.0,0.0,2524.0
Kiowa,OK,191.0,3.0,9127.0
Kit Carson,CO,139.0,3.0,7846.0
Kitsap,WA,1575.0,22.0,258903.0
Kittitas,WA,775.0,22.0,43726.0
Kittson,MN,66.0,0.0,4384.0
Klamath,OR,437.0,3.0,66018.0
Kleberg,TX,1034.0,52.0,31540.0
Klickitat,WA,214.0,3.0,21172.0
Knott,KY,377.0,6.0,15690.0
Knox,IL,1467.0,21.0,51374.0
Knox,IN,957.0,10.0,37763.0
Knox,KY,915.0,10.0,31424.0
Knox,ME,94.0,1.0,39700.0
Knox,MO,69.0,1.0,3976.0
Knox,NE,285.0,1.0,8496.0
Knox,OH,512.0,17.0,60945.0
Knox,TN,13469.0,96.0,452286.0
Knox,TX,114.0,9.0,3753.0
Koochiching,MN,185.0,5.0,12776.0
Kootenai,ID,4509.0,51.0,150128.0
Kosciusko,IN,2346.0,30.0,78720.0
Kossuth,IA,519.0,0.0,15166.0
La Crosse,WI,4608.0,23.0,117582.0
La Paz,AZ,628.0,17.0,20477.0
La Plata,CO,395.0,2.0,54469.0
La Salle,TX,381.0,13.0,7418.0
LaGrange,IN,878.0,15.0,38720.0
LaMoure,ND,224.0,11.0,4106.0
LaPorte,IN,2623.0,68.0,110839.0
LaSalle,IL,2776.0,69.0,111151.0
Labette,KS,412.0,6.0,20553.0
Lac qui Parle,MN,153.0,3.0,6840.0
Lackawanna,PA,3875.0,219.0,211960.0
Laclede,MO,1265.0,23.0,35488.0
Lafayette,AR,201.0,3.0,7051.0
Lafayette,FL,1279.0,16.0,8684.0
Lafayette,MO,912.0,26.0,32655.0
Lafayette,MS,2607.0,43.0,52744.0
Lafayette,WI,600.0,1.0,16755.0
Lafayette,LA,9534.0,140.0,238230.0
Lafourche,LA,3925.0,131.0,98112.0
Lake,CA,727.0,18.0,64095.0
Lake,CO,143.0,0.0,7481.0
Lake,FL,8729.0,227.0,326215.0
Lake,IL,22618.0,522.0,704476.0
Lake,IN,16017.0,376.0,488694.0
Lake,MI,68.0,1.0,11669.0
Lake,MN,142.0,0.0,10578.0
Lake,MT,613.0,6.0,29518.0
Lake,OH,2411.0,60.0,229701.0
Lake,OR,47.0,0.0,7807.0
Lake,SD,447.0,9.0,12350.0
Lake,TN,998.0,4.0,7588.0
Lake of the Woods,MN,50.0,1.0,3841.0
Lamar,AL,534.0,6.0,14021.0
Lamar,GA,432.0,20.0,18282.0
Lamar,MS,2387.0,40.0,60517.0
Lamar,TX,1874.0,49.0,49401.0
Lamb,TX,574.0,24.0,13368.0
Lampasas,TX,315.0,9.0,20473.0
Lancaster,NE,9653.0,45.0,306357.0
Lancaster,PA,9929.0,479.0,536494.0
Lancaster,SC,2658.0,62.0,86544.0
Lancaster,VA,204.0,1.0,10848.0
Lander,NV,111.0,4.0,5887.0
Lane,KS,27.0,0.0,1702.0
Lane,OR,2596.0,28.0,363471.0
Langlade,WI,1081.0,11.0,19190.0
Lanier,GA,320.0,7.0,10388.0
Lapeer,MI,993.0,38.0,88205.0
Laramie,WY,1860.0,6.0,97031.0
Larimer,CO,4555.0,57.0,330976.0
Larue,KY,322.0,1.0,14102.0
Las Animas,CO,85.0,1.0,14151.0
Lassen,CA,782.0,1.0,31470.0
Latah,ID,982.0,1.0,38697.0
Latimer,OK,231.0,2.0,10621.0
Lauderdale,AL,2743.0,43.0,92590.0
Lauderdale,MS,2658.0,135.0,78221.0
Lauderdale,TN,1515.0,18.0,26497.0
Laurel,KY,1564.0,8.0,59901.0
Laurens,GA,2038.0,89.0,47451.0
Laurens,SC,1973.0,62.0,66508.0
Lavaca,TX,1177.0,39.0,19859.0
Lawrence,AL,941.0,33.0,33288.0
Lawrence,AR,884.0,21.0,16777.0
Lawrence,IL,379.0,8.0,16457.0
Lawrence,IN,1097.0,39.0,45669.0
Lawrence,KY,175.0,0.0,15844.0
Lawrence,MO,1193.0,24.0,38131.0
Lawrence,MS,571.0,14.0,12659.0
Lawrence,OH,1103.0,28.0,61057.0
Lawrence,PA,957.0,35.0,88231.0
Lawrence,SD,1061.0,6.0,25018.0
Lawrence,TN,1746.0,20.0,42591.0
Le Flore,OK,1749.0,24.0,49860.0
Le Sueur,MN,702.0,6.0,27810.0
Lea,NM,2217.0,30.0,69505.0
Leake,MS,1181.0,42.0,22936.0
Leavenworth,KS,2603.0,18.0,79359.0
Lebanon,PA,3215.0,67.0,137616.0
Lee,AL,6715.0,65.0,156597.0
Lee,AR,1113.0,18.0,9614.0
Lee,FL,23685.0,518.0,700165.0
Lee,GA,756.0,30.0,29216.0
Lee,IA,1093.0,13.0,34785.0
Lee,IL,926.0,2.0,34670.0
Lee,KY,189.0,7.0,6717.0
Lee,MS,3743.0,83.0,84840.0
Lee,NC,2157.0,20.0,59805.0
Lee,SC,795.0,36.0,17897.0
Lee,TX,245.0,15.0,16850.0
Lee,VA,579.0,10.0,24428.0
Leelanau,MI,163.0,2.0,21564.0
Leflore,MS,1767.0,88.0,30113.0
Lehigh,PA,6863.0,366.0,360774.0
Lemhi,ID,290.0,1.0,7755.0
Lenawee,MI,1223.0,20.0,98585.0
Lenoir,NC,1538.0,41.0,57934.0
Leon,FL,12430.0,118.0,285890.0
Leon,TX,372.0,12.0,16966.0
Leslie,KY,139.0,1.0,10648.0
Letcher,KY,323.0,2.0,23011.0
Levy,FL,1159.0,12.0,39713.0
Lewis,ID,85.0,3.0,3824.0
Lewis,KY,330.0,17.0,13565.0
Lewis,MO,226.0,2.0,10078.0
Lewis,NY,148.0,0.0,26845.0
Lewis,TN,481.0,6.0,11944.0
Lewis,WA,757.0,12.0,76012.0
Lewis,WV,110.0,2.0,16371.0
Lewis and Clark,MT,1097.0,6.0,66290.0
Lexington,SC,9265.0,214.0,281870.0
Liberty,FL,539.0,11.0,8347.0
Liberty,GA,1289.0,25.0,62120.0
Liberty,MT,35.0,0.0,2245.0
Liberty,TX,2312.0,59.0,79884.0
Licking,OH,3064.0,67.0,170678.0
Limestone,AL,3108.0,34.0,91695.0
Limestone,TX,684.0,16.0,23480.0
Lincoln,AR,2337.0,18.0,13885.0
Lincoln,CO,25.0,0.0,5520.0
Lincoln,GA,241.0,7.0,7768.0
Lincoln,ID,240.0,3.0,5296.0
Lincoln,KS,23.0,1.0,3121.0
Lincoln,KY,360.0,19.0,24413.0
Lincoln,ME,65.0,1.0,34021.0
Lincoln,MN,208.0,0.0,5724.0
Lincoln,MO,1312.0,5.0,54800.0
Lincoln,MS,1483.0,61.0,34542.0
Lincoln,MT,329.0,5.0,19249.0
Lincoln,NC,2546.0,16.0,80504.0
Lincoln,NE,1033.0,8.0,35569.0
Lincoln,NM,395.0,6.0,19497.0
Lincoln,NV,49.0,0.0,5203.0
Lincoln,OK,836.0,22.0,34759.0
Lincoln,OR,521.0,13.0,47307.0
Lincoln,SD,3193.0,21.0,53147.0
Lincoln,TN,972.0,4.0,33543.0
Lincoln,WA,81.0,2.0,10344.0
Lincoln,WI,965.0,12.0,27994.0
Lincoln,WV,263.0,2.0,21241.0
Lincoln,WY,370.0,3.0,18791.0
Lincoln,LA,1702.0,50.0,47536.0
Linn,IA,6730.0,135.0,220008.0
Linn,KS,117.0,1.0,9602.0
Linn,MO,173.0,7.0,12248.0
Linn,OR,890.0,17.0,121074.0
Lipscomb,TX,74.0,1.0,3495.0
Litchfield,CT,2305.0,144.0,184454.0
Little River,AR,489.0,37.0,12494.0
Live Oak,TX,392.0,10.0,12043.0
Livingston,IL,769.0,12.0,36812.0
Livingston,KY,137.0,1.0,9288.0
Livingston,MI,2319.0,35.0,186946.0
Livingston,MO,584.0,9.0,15025.0
Livingston,NY,350.0,8.0,64373.0
Livingston,LA,4273.0,80.0,137096.0
Llano,TX,189.0,3.0,20195.0
Logan,AR,617.0,5.0,21802.0
Logan,CO,1321.0,13.0,21885.0
Logan,IL,666.0,4.0,29488.0
Logan,KS,68.0,0.0,2790.0
Logan,KY,841.0,31.0,26847.0
Logan,ND,131.0,3.0,1932.0
Logan,NE,12.0,0.0,919.0
Logan,OH,530.0,3.0,45323.0
Logan,OK,907.0,2.0,45326.0
Logan,WV,801.0,46.0,34428.0
Long,GA,279.0,4.0,17857.0
Lonoke,AR,1877.0,33.0,71568.0
Lorain,OH,3146.0,91.0,305405.0
Los Alamos,NM,50.0,0.0,18031.0
Los Angeles,CA,309190.0,7074.0,10105722.0
Loudon,TN,1714.0,13.0,51024.0
Loudoun,VA,8048.0,132.0,374558.0
Louisa,IA,562.0,15.0,11238.0
Louisa,VA,414.0,8.0,34813.0
Loup,NE,8.0,0.0,537.0
Love,OK,292.0,1.0,9843.0
Loving,TX,0.0,0.0,74.0
Lowndes,AL,728.0,29.0,10362.0
Lowndes,GA,4535.0,87.0,113941.0
Lowndes,MS,1847.0,62.0,59558.0
Lubbock,TX,19418.0,190.0,298042.0
Lucas,IA,222.0,6.0,8600.0
Lucas,OH,9086.0,378.0,433404.0
Luce,MI,78.0,1.0,6406.0
Lumpkin,GA,1064.0,15.0,31567.0
Luna,NM,1158.0,12.0,24319.0
Lunenburg,VA,156.0,4.0,12369.0
Luzerne,PA,5624.0,206.0,318222.0
Lycoming,PA,1004.0,32.0,115398.0
Lyman,SD,294.0,6.0,3882.0
Lynn,TX,198.0,6.0,5785.0
Lyon,IA,600.0,8.0,11745.0
Lyon,KS,1377.0,41.0,33302.0
Lyon,KY,122.0,4.0,8268.0
Lyon,MN,1077.0,6.0,25789.0
Lyon,NV,625.0,13.0,52303.0
Mackinac,MI,171.0,0.0,10836.0
Macomb,MI,19730.0,1098.0,864019.0
Macon,AL,565.0,21.0,19358.0
Macon,GA,255.0,10.0,13675.0
Macon,IL,3685.0,59.0,107587.0
Macon,MO,252.0,1.0,15319.0
Macon,NC,773.0,7.0,34160.0
Macon,TN,1390.0,25.0,23239.0
Macoupin,IL,877.0,11.0,45960.0
Madera,CA,5094.0,76.0,154440.0
Madison,AL,9787.0,101.0,353213.0
Madison,AR,444.0,6.0,15907.0
Madison,FL,1084.0,25.0,18518.0
Madison,GA,815.0,11.0,28600.0
Madison,IA,397.0,3.0,15720.0
Madison,ID,2751.0,4.0,38241.0
Madison,IL,7751.0,160.0,266153.0
Madison,IN,2862.0,101.0,129641.0
Madison,KY,2451.0,14.0,88376.0
Madison,MO,545.0,3.0,12226.0
Madison,MS,3914.0,94.0,102212.0
Madison,MT,205.0,1.0,7902.0
Madison,NC,303.0,5.0,21347.0
Madison,NE,1534.0,11.0,35062.0
Madison,NY,593.0,17.0,71760.0
Madison,OH,1129.0,16.0,43732.0
Madison,TN,3956.0,81.0,97887.0
Madison,TX,771.0,7.0,13979.0
Madison,VA,145.0,3.0,13108.0
Madison,LA,896.0,9.0,11616.0
Magoffin,KY,203.0,0.0,12783.0
Mahaska,IA,787.0,25.0,22301.0
Mahnomen,MN,139.0,2.0,5500.0
Mahoning,OH,4090.0,287.0,231857.0
Major,OK,204.0,2.0,7730.0
Malheur,OR,1985.0,38.0,30421.0
Manatee,FL,13550.0,330.0,363542.0
Manistee,MI,154.0,3.0,24432.0
Manitowoc,WI,3058.0,16.0,79680.0
Marathon,WI,5441.0,61.0,135293.0
Marengo,AL,1066.0,23.0,19743.0
Maricopa,AZ,159781.0,3606.0,4155501.0
Maries,MO,222.0,0.0,8959.0
Marin,CA,7133.0,127.0,260814.0
Marinette,WI,1915.0,16.0,40712.0
Marion,AL,1127.0,31.0,30058.0
Marion,AR,180.0,2.0,16374.0
Marion,FL,10977.0,350.0,343778.0
Marion,GA,205.0,9.0,8558.0
Marion,IA,1152.0,11.0,33127.0
Marion,IL,1207.0,25.0,38305.0
Marion,IN,27690.0,796.0,939964.0
Marion,KS,130.0,1.0,12087.0
Marion,KY,538.0,10.0,19335.0
Marion,MO,1008.0,14.0,28703.0
Marion,MS,979.0,45.0,25466.0
Marion,OH,3585.0,50.0,65483.0
Marion,OR,6252.0,112.0,330453.0
Marion,SC,1170.0,44.0,31765.0
Marion,TN,835.0,14.0,28355.0
Marion,TX,173.0,14.0,10140.0
Marion,WV,419.0,5.0,56575.0
Mariposa,CA,81.0,2.0,17658.0
Marlboro,SC,1159.0,14.0,27505.0
Marquette,MI,1245.0,16.0,67145.0
Marquette,WI,705.0,2.0,15164.0
Marshall,AL,4570.0,52.0,94738.0
Marshall,IA,2246.0,36.0,40476.0
Marshall,IL,174.0,3.0,11925.0
Marshall,IN,1641.0,30.0,46752.0
Marshall,KS,77.0,0.0,9859.0
Marshall,KY,532.0,7.0,31177.0
Marshall,MN,187.0,1.0,9397.0
Marshall,MS,1548.0,32.0,35981.0
Marshall,OK,295.0,2.0,16226.0
Marshall,SD,65.0,1.0,4759.0
Marshall,TN,1221.0,12.0,31753.0
Marshall,WV,420.0,4.0,32006.0
Martin,FL,5425.0,167.0,155719.0
Martin,IN,214.0,0.0,10219.0
Martin,KY,235.0,3.0,12175.0
Martin,MN,651.0,18.0,20084.0
Martin,NC,670.0,18.0,23227.0
Martin,TX,93.0,7.0,5547.0
Mason,IL,361.0,7.0,13904.0
Mason,KY,192.0,2.0,17167.0
Mason,MI,280.0,2.0,28800.0
Mason,TX,83.0,2.0,4122.0
Mason,WA,540.0,10.0,61569.0
Mason,WV,182.0,6.0,27000.0
Massac,IL,172.0,2.0,14594.0
Matagorda,TX,1122.0,54.0,36744.0
Mathews,VA,137.0,0.0,8830.0
Maui,HI,524.0,17.0,164094.0
Maury,TN,3661.0,39.0,87606.0
Maverick,TX,4322.0,151.0,57471.0
Mayes,OK,1018.0,15.0,40929.0
McClain,OK,1416.0,14.0,37919.0
McCone,MT,65.0,0.0,1728.0
McCook,SD,302.0,1.0,5515.0
McCormick,SC,283.0,7.0,9694.0
McCracken,KY,1299.0,12.0,65285.0
McCreary,KY,266.0,1.0,17748.0
McCulloch,TX,220.0,5.0,8145.0
McCurtain,OK,1671.0,41.0,33026.0
McDonald,MO,1259.0,12.0,22753.0
McDonough,IL,828.0,22.0,31597.0
McDowell,NC,1379.0,32.0,45069.0
McDowell,WV,131.0,1.0,19707.0
McDuffie,GA,703.0,16.0,21488.0
McHenry,IL,7265.0,121.0,308043.0
McHenry,ND,237.0,14.0,5951.0
McIntosh,GA,316.0,8.0,14061.0
McIntosh,ND,176.0,5.0,2680.0
McIntosh,OK,526.0,10.0,19874.0
McKean,PA,162.0,2.0,42070.0
McKenzie,ND,591.0,4.0,11679.0
McKinley,NM,4752.0,262.0,72849.0
McLean,IL,4500.0,38.0,173231.0
McLean,KY,224.0,4.0,9361.0
McLean,ND,651.0,10.0,9607.0
McLennan,TX,10316.0,142.0,245720.0
McLeod,MN,657.0,4.0,35816.0
McMinn,TN,1744.0,39.0,52569.0
McMullen,TX,25.0,1.0,600.0
McNairy,TN,1171.0,30.0,25945.0
McPherson,KS,472.0,7.0,28792.0
McPherson,NE,10.0,0.0,432.0
McPherson,SD,72.0,0.0,2366.0
Meade,KS,146.0,1.0,4295.0
Meade,KY,422.0,4.0,28452.0
Meade,SD,1040.0,10.0,27066.0
Meagher,MT,84.0,4.0,2000.0
Mecklenburg,NC,34668.0,393.0,1034290.0
Mecklenburg,VA,904.0,35.0,30959.0
Mecosta,MI,615.0,4.0,43181.0
Medina,OH,2197.0,44.0,176362.0
Medina,TX,1294.0,49.0,48548.0
Meeker,MN,382.0,3.0,23105.0
Meigs,OH,238.0,12.0,23234.0
Meigs,TN,339.0,6.0,11830.0
Mellette,SD,94.0,1.0,2062.0
Menard,IL,193.0,1.0,12416.0
Menard,TX,77.0,0.0,2123.0
Mendocino,CA,1165.0,21.0,87497.0
Menifee,KY,92.0,1.0,6381.0
Menominee,MI,776.0,6.0,23389.0
Menominee,WI,344.0,0.0,4506.0
Merced,CA,9674.0,156.0,267390.0
Mercer,IL,339.0,6.0,15794.0
Mercer,KY,387.0,6.0,21378.0
Mercer,MO,37.0,0.0,3669.0
Mercer,ND,531.0,3.0,8637.0
Mercer,NJ,9438.0,640.0,373362.0
Mercer,OH,1761.0,30.0,40723.0
Mercer,PA,1146.0,27.0,113623.0
Mercer,WV,803.0,31.0,60963.0
Meriwether,GA,599.0,16.0,21152.0
Merrick,NE,163.0,1.0,7829.0
Merrimack,NH,951.0,29.0,147958.0
Mesa,CO,1757.0,16.0,148798.0
Metcalfe,KY,212.0,2.0,9990.0
Miami,IN,780.0,5.0,36035.0
Miami,KS,563.0,2.0,32976.0
Miami,OH,2381.0,61.0,104081.0
Miami-Dade,FL,186809.0,3662.0,2702602.0
Middlesex,NJ,22676.0,1449.0,837288.0
Middlesex,VA,148.0,11.0,10710.0
Midland,MI,1179.0,14.0,83489.0
Midland,TX,5540.0,95.0,159883.0
Mifflin,PA,457.0,4.0,46452.0
Milam,TX,550.0,8.0,24479.0
Millard,UT,0.0,0.0,12651.0
Mille Lacs,MN,498.0,20.0,25635.0
Miller,AR,1613.0,21.0,43760.0
Miller,GA,316.0,2.0,5884.0
Miller,MO,978.0,15.0,24947.0
Mills,IA,477.0,3.0,14933.0
Mills,TX,79.0,1.0,4887.0
Milwaukee,WI,43482.0,593.0,956586.0
Miner,SD,148.0,2.0,2255.0
Mineral,CO,21.0,0.0,834.0
Mineral,MT,16.0,0.0,4194.0
Mineral,NV,18.0,0.0,4471.0
Mineral,WV,244.0,4.0,27421.0
Mingo,WV,654.0,10.0,25150.0
Minidoka,ID,1260.0,9.0,20448.0
Minnehaha,SD,12667.0,111.0,183660.0
Missaukee,MI,104.0,1.0,14982.0
Mississippi,AR,2412.0,69.0,43534.0
Mississippi,MO,464.0,6.0,13916.0
Missoula,MT,2414.0,18.0,114231.0
Mitchell,GA,850.0,46.0,22574.0
Mitchell,IA,322.0,1.0,10663.0
Mitchell,KS,63.0,0.0,6230.0
Mitchell,NC,247.0,4.0,15155.0
Mitchell,TX,202.0,2.0,8774.0
Mobile,AL,17298.0,322.0,414328.0
Modoc,CA,51.0,0.0,9017.0
Moffat,CO,77.0,1.0,13056.0
Mohave,AZ,4453.0,234.0,204691.0
Moniteau,MO,706.0,12.0,15904.0
Monmouth,NJ,14415.0,873.0,627551.0
Mono,CA,194.0,2.0,14058.0
Monona,IA,271.0,2.0,8865.0
Monongalia,WV,2363.0,7.0,103715.0
Monroe,AL,668.0,10.0,21745.0
Monroe,AR,230.0,2.0,7420.0
Monroe,FL,2334.0,25.0,76745.0
Monroe,GA,774.0,55.0,26795.0
Monroe,IA,280.0,12.0,7912.0
Monroe,IL,1068.0,32.0,33739.0
Monroe,IN,3557.0,39.0,144436.0
Monroe,KY,352.0,4.0,10645.0
Monroe,MI,2206.0,42.0,149619.0
Monroe,MO,192.0,2.0,8676.0
Monroe,MS,1577.0,74.0,35967.0
Monroe,NY,7705.0,300.0,748680.0
Monroe,OH,201.0,18.0,14239.0
Monroe,PA,2081.0,135.0,167306.0
Monroe,TN,1546.0,29.0,45698.0
Monroe,WI,1267.0,8.0,45303.0
Monroe,WV,266.0,8.0,13517.0
Montague,TX,299.0,6.0,19406.0
Montcalm,MI,790.0,12.0,62956.0
Monterey,CA,11752.0,96.0,433168.0
Montezuma,CO,229.0,5.0,25770.0
Montgomery,AL,10702.0,210.0,227120.0
Montgomery,AR,188.0,8.0,9059.0
Montgomery,GA,377.0,10.0,8962.0
Montgomery,IA,213.0,7.0,10239.0
Montgomery,IL,687.0,17.0,29173.0
Montgomery,IN,736.0,22.0,38288.0
Montgomery,KS,706.0,6.0,33463.0
Montgomery,KY,571.0,6.0,27550.0
Montgomery,MD,26114.0,873.0,1039198.0
Montgomery,MO,191.0,1.0,11618.0
Montgomery,MS,575.0,23.0,10309.0
Montgomery,NC,1213.0,38.0,27445.0
Montgomery,NY,273.0,4.0,49500.0
Montgomery,OH,12156.0,190.0,531987.0
Montgomery,PA,14421.0,895.0,818677.0
Montgomery,TN,4480.0,61.0,192120.0
Montgomery,TX,14175.0,182.0,535187.0
Montgomery,VA,2958.0,5.0,97692.0
Montmorency,MI,37.0,0.0,9290.0
Montour,PA,311.0,11.0,18302.0
Montrose,CO,493.0,13.0,40908.0
Moody,SD,240.0,3.0,6496.0
Moore,NC,2314.0,46.0,94191.0
Moore,TN,286.0,2.0,6302.0
Moore,TX,1352.0,22.0,22016.0
Mora,NM,15.0,0.0,4605.0
Morehouse,LA,900.0,27.0,26290.0
Morgan,AL,4523.0,36.0,119157.0
Morgan,CO,913.0,48.0,28123.0
Morgan,GA,540.0,6.0,18013.0
Morgan,IL,1064.0,26.0,34442.0
Morgan,IN,1079.0,41.0,69533.0
Morgan,KY,152.0,0.0,13281.0
Morgan,MO,745.0,8.0,20097.0
Morgan,OH,104.0,0.0,14773.0
Morgan,TN,463.0,7.0,21639.0
Morgan,UT,0.0,0.0,11014.0
Morgan,WV,157.0,0.0,17510.0
Morrill,NE,134.0,0.0,4903.0
Morris,KS,65.0,0.0,5605.0
Morris,NJ,9357.0,839.0,498847.0
Morris,TX,236.0,5.0,12530.0
Morrison,MN,903.0,9.0,32880.0
Morrow,OH,474.0,2.0,34935.0
Morrow,OR,559.0,7.0,11153.0
Morton,KS,56.0,2.0,2931.0
Morton,ND,2552.0,54.0,30059.0
Motley,TX,17.0,0.0,1114.0
Moultrie,IL,496.0,6.0,14711.0
Mountrail,ND,581.0,9.0,9986.0
Mower,MN,1572.0,19.0,39386.0
Muhlenberg,KY,995.0,14.0,31153.0
Multnomah,OR,9894.0,172.0,788459.0
Murray,GA,1105.0,10.0,39444.0
Murray,MN,314.0,3.0,8394.0
Murray,OK,337.0,3.0,13797.0
Muscatine,IA,1620.0,58.0,42923.0
Muscogee,GA,6419.0,175.0,198647.0
Muskegon,MI,2558.0,84.0,172707.0
Muskingum,OH,1096.0,4.0,85933.0
Muskogee,OK,2461.0,28.0,69471.0
Musselshell,MT,128.0,2.0,4766.0
Nacogdoches,TX,1820.0,70.0,65411.0
Nance,NE,119.0,0.0,3569.0
Nantucket,MA,0.0,0.0,10912.0
Napa,CA,2040.0,16.0,141005.0
Nash,NC,3550.0,80.0,94125.0
Nassau,FL,2504.0,52.0,78435.0
Nassau,NY,50294.0,2216.0,1363069.0
Natchitoches,LA,1510.0,30.0,39051.0
Natrona,WY,1688.0,8.0,81023.0
Navajo,AZ,6538.0,241.0,107902.0
Navarro,TX,1472.0,34.0,48239.0
Nelson,KY,1100.0,4.0,45131.0
Nelson,ND,177.0,3.0,2971.0
Nelson,VA,141.0,2.0,14863.0
Nemaha,KS,315.0,2.0,10095.0
Nemaha,NE,175.0,0.0,7041.0
Neosho,KS,274.0,0.0,16209.0
Neshoba,MS,1901.0,111.0,29437.0
Ness,KS,148.0,9.0,3001.0
Nevada,AR,335.0,14.0,8528.0
Nevada,CA,644.0,9.0,98838.0
New Castle,DE,13259.0,353.0,555036.0
New Hanover,NC,5447.0,40.0,219866.0
New Haven,CT,17352.0,1128.0,862127.0
New Kent,VA,302.0,3.0,20523.0
New London,CT,3803.0,143.0,270772.0
New Madrid,MO,827.0,23.0,18030.0
New York,NY,36712.0,3200.0,1653877.0
Newaygo,MI,712.0,4.0,47899.0
Newberry,SC,1703.0,54.0,37914.0
Newport,RI,678.0,10.0,83204.0
Newton,AR,324.0,20.0,7898.0
Newton,GA,2925.0,96.0,105042.0
Newton,IN,277.0,12.0,14056.0
Newton,MO,2181.0,22.0,58237.0
Newton,MS,887.0,28.0,21437.0
Newton,TX,189.0,14.0,14187.0
Nez Perce,ID,924.0,24.0,40014.0
Niagara,NY,2137.0,102.0,212675.0
Nicholas,KY,120.0,3.0,7061.0
Nicholas,WV,191.0,3.0,25496.0
Nicollet,MN,802.0,18.0,33477.0
Niobrara,WY,17.0,0.0,2479.0
Noble,IN,1357.0,35.0,47421.0
Noble,OH,239.0,0.0,14498.0
Noble,OK,205.0,3.0,11421.0
Nobles,MN,2442.0,19.0,21854.0
Nodaway,MO,1278.0,11.0,22744.0
Nolan,TX,441.0,7.0,14990.0
Norfolk,MA,12089.0,1112.0,694389.0
Norman,MN,150.0,0.0,6589.0
Northampton,NC,580.0,19.0,20426.0
Northampton,PA,5619.0,315.0,300941.0
Northampton,VA,320.0,31.0,11998.0
Northumberland,PA,1594.0,112.0,93038.0
Northumberland,VA,226.0,7.0,12254.0
Norton,KS,715.0,18.0,5527.0
Nottoway,VA,368.0,21.0,15537.0
Nowata,OK,272.0,4.0,10448.0
Noxubee,MS,606.0,17.0,10942.0
Nuckolls,NE,111.0,0.0,4318.0
Nueces,TX,21378.0,443.0,358484.0
Nye,NV,726.0,16.0,43296.0
O'Brien,IA,820.0,14.0,13944.0
Oakland,MI,26579.0,1241.0,1241860.0
Obion,TN,1883.0,27.0,30659.0
Ocean,NJ,16990.0,1070.0,589699.0
Oceana,MI,676.0,6.0,26317.0
Ochiltree,TX,338.0,5.0,10484.0
Oconee,GA,877.0,31.0,35972.0
Oconee,SC,2547.0,34.0,75926.0
Oconto,WI,2270.0,18.0,37465.0
Ogemaw,MI,135.0,5.0,20979.0
Ogle,IL,1428.0,8.0,51619.0
Oglethorpe,GA,432.0,13.0,14654.0
Ohio,IN,151.0,7.0,5911.0
Ohio,KY,631.0,10.0,24062.0
Ohio,WV,638.0,9.0,42906.0
Okaloosa,FL,6545.0,130.0,197591.0
Okanogan,WA,1124.0,11.0,41377.0
Okeechobee,FL,1763.0,38.0,40228.0
Okfuskee,OK,582.0,8.0,12160.0
Oklahoma,OK,24869.0,232.0,774203.0
Okmulgee,OK,1313.0,14.0,39121.0
Oktibbeha,MS,2087.0,57.0,49392.0
Oldham,KY,1511.0,26.0,64633.0
Oldham,TX,27.0,2.0,2083.0
Oliver,ND,87.0,2.0,1822.0
Olmsted,MN,3623.0,30.0,151685.0
Oneida,ID,64.0,0.0,4284.0
Oneida,NY,2851.0,129.0,232324.0
Oneida,WI,1373.0,13.0,35352.0
Onondaga,NY,5762.0,212.0,467669.0
Onslow,NC,3535.0,32.0,192685.0
Ontario,NY,710.0,35.0,109491.0
Ontonagon,MI,127.0,1.0,6072.0
Orange,CA,60115.0,1484.0,3155816.0
Orange,FL,46725.0,560.0,1290216.0
Orange,IN,455.0,25.0,19623.0
Orange,NC,3160.0,59.0,141812.0
Orange,NY,13889.0,507.0,378174.0
Orange,TX,2267.0,46.0,83909.0
Orange,VA,427.0,5.0,35265.0
Orange,VT,38.0,0.0,28901.0
Orangeburg,SC,3397.0,131.0,89116.0
Oregon,MO,247.0,0.0,10779.0
Orleans,NY,413.0,54.0,41584.0
Orleans,LA,13569.0,595.0,388182.0
Osage,KS,166.0,3.0,15894.0
Osage,MO,559.0,3.0,13610.0
Osage,OK,1427.0,15.0,47350.0
Osborne,KS,24.0,0.0,3684.0
Osceola,FL,14380.0,207.0,325168.0
Osceola,IA,319.0,0.0,6149.0
Osceola,MI,201.0,1.0,23221.0
Oscoda,MI,60.0,2.0,8304.0
Oswego,NY,648.0,4.0,119833.0
Otero,CO,182.0,7.0,18325.0
Otero,NM,569.0,14.0,65130.0
Otoe,NE,345.0,1.0,15875.0
Otsego,MI,287.0,12.0,24247.0
Otsego,NY,421.0,5.0,60750.0
Ottawa,KS,119.0,0.0,5957.0
Ottawa,MI,5762.0,78.0,280243.0
Ottawa,OH,665.0,30.0,40769.0
Ottawa,OK,1300.0,19.0,31725.0
Otter Tail,MN,1031.0,8.0,57790.0
Ouachita,AR,401.0,9.0,24378.0
Ouachita,LA,7146.0,167.0,156433.0
Ouray,CO,40.0,2.0,4653.0
Outagamie,WI,9864.0,81.0,183288.0
Overton,TN,1282.0,25.0,21995.0
Owen,IN,239.0,1.0,20957.0
Owen,KY,129.0,3.0,10686.0
Owsley,KY,102.0,1.0,4497.0
Owyhee,ID,406.0,5.0,11384.0
Oxford,ME,179.0,2.0,57230.0
Ozark,MO,226.0,1.0,9328.0
Ozaukee,WI,2529.0,25.0,87817.0
Pacific,WA,119.0,3.0,20940.0
Page,IA,442.0,0.0,15393.0
Page,VA,488.0,31.0,23694.0
Palm Beach,FL,52779.0,1588.0,1426772.0
Palo Alto,IA,353.0,2.0,9110.0
Palo Pinto,TX,745.0,21.0,28109.0
Pamlico,NC,330.0,3.0,12803.0
Panola,MS,1742.0,41.0,34229.0
Panola,TX,486.0,30.0,23574.0
Park,CO,109.0,1.0,16900.0
Park,MT,285.0,0.0,16001.0
Park,WY,709.0,3.0,29276.0
Parke,IN,283.0,4.0,17062.0
Parker,TX,2528.0,52.0,125963.0
Parmer,TX,579.0,19.0,9871.0
Pasco,FL,11063.0,244.0,498136.0
Pasquotank,NC,904.0,35.0,39546.0
Passaic,NJ,21282.0,1262.0,510563.0
Patrick,VA,337.0,27.0,17958.0
Paulding,GA,3251.0,61.0,152399.0
Paulding,OH,295.0,2.0,18951.0
Pawnee,KS,431.0,1.0,6776.0
Pawnee,NE,33.0,0.0,2704.0
Pawnee,OK,349.0,5.0,16448.0
Payette,ID,1174.0,10.0,22839.0
Payne,OK,2917.0,14.0,80634.0
Peach,GA,805.0,26.0,27027.0
Pearl River,MS,1202.0,60.0,55049.0
Pecos,TX,519.0,8.0,15804.0
Pembina,ND,257.0,0.0,7050.0
Pemiscot,MO,761.0,14.0,17344.0
Pend Oreille,WA,148.0,1.0,13066.0
Pender,NC,1455.0,15.0,57630.0
Pendleton,KY,142.0,0.0,14530.0
Pendleton,WV,79.0,1.0,7138.0
Pennington,MN,235.0,2.0,14197.0
Pennington,SD,4914.0,49.0,108126.0
Penobscot,ME,311.0,6.0,152284.0
Peoria,IL,5083.0,79.0,186145.0
Pepin,WI,172.0,0.0,7282.0
Perkins,NE,51.0,10.0,2904.0
Perkins,SD,82.0,0.0,2964.0
Perquimans,NC,259.0,4.0,13506.0
Perry,AL,606.0,6.0,9680.0
Perry,AR,152.0,2.0,10320.0
Perry,IL,507.0,16.0,21467.0
Perry,IN,505.0,14.0,19229.0
Perry,KY,578.0,9.0,27329.0
Perry,MO,876.0,8.0,19135.0
Perry,MS,542.0,23.0,12047.0
Perry,OH,432.0,11.0,35983.0
Perry,PA,382.0,6.0,45878.0
Perry,TN,355.0,9.0,7882.0
Pershing,NV,24.0,0.0,6661.0
Person,NC,713.0,10.0,39240.0
Petroleum,MT,4.0,0.0,453.0
Pettis,MO,1795.0,24.0,42309.0
Phelps,MO,932.0,27.0,44873.0
Phelps,NE,329.0,2.0,9163.0
Philadelphia,PA,44505.0,1875.0,1569657.0
Phillips,AR,781.0,16.0,19518.0
Phillips,CO,61.0,0.0,4327.0
Phillips,KS,209.0,9.0,5446.0
Phillips,MT,193.0,1.0,4139.0
Piatt,IL,290.0,2.0,16433.0
Pickaway,OH,3243.0,46.0,57075.0
Pickens,AL,929.0,18.0,20170.0
Pickens,GA,820.0,10.0,30343.0
Pickens,SC,4670.0,67.0,121449.0
Pickett,TN,289.0,9.0,5071.0
Pierce,GA,688.0,24.0,19141.0
Pierce,ND,150.0,1.0,4272.0
Pierce,NE,234.0,11.0,7175.0
Pierce,WA,10514.0,227.0,845193.0
Pierce,WI,819.0,7.0,41226.0
Pike,AL,1385.0,14.0,33287.0
Pike,AR,276.0,1.0,10893.0
Pike,GA,395.0,11.0,17919.0
Pike,IL,441.0,8.0,15930.0
Pike,IN,383.0,18.0,12471.0
Pike,KY,1033.0,5.0,61586.0
Pike,MO,386.0,8.0,18517.0
Pike,MS,1423.0,56.0,39763.0
Pike,OH,384.0,0.0,28291.0
Pike,PA,634.0,23.0,55687.0
Pima,AZ,28824.0,641.0,1007257.0
Pinal,AZ,12174.0,228.0,405537.0
Pine,MN,611.0,0.0,29057.0
Pinellas,FL,26214.0,823.0,949842.0
Pipestone,MN,390.0,17.0,9229.0
Pitkin,CO,298.0,2.0,17747.0
Pitt,NC,6331.0,41.0,176484.0
Pittsburg,OK,1303.0,21.0,44673.0
Pittsylvania,VA,1373.0,17.0,61970.0
Piute,UT,0.0,0.0,1860.0
Placer,CA,4374.0,59.0,374985.0
Plaquemines,LA,904.0,19.0,23394.0
Platte,MO,1055.0,13.0,96899.0
Platte,NE,1777.0,7.0,32875.0
Platte,WY,156.0,2.0,8703.0
Pleasants,WV,34.0,3.0,7527.0
Plumas,CA,85.0,0.0,18724.0
Plymouth,IA,1842.0,31.0,25027.0
Plymouth,MA,11631.0,839.0,509114.0
Pocahontas,IA,266.0,2.0,6972.0
Pocahontas,WV,73.0,0.0,8574.0
Poinsett,AR,1203.0,23.0,24098.0
Pointe Coupee,LA,1144.0,42.0,22271.0
Polk,AR,374.0,5.0,20212.0
Polk,FL,23306.0,623.0,652256.0
Polk,GA,1751.0,29.0,41444.0
Polk,IA,20776.0,290.0,467235.0
Polk,MN,972.0,5.0,31564.0
Polk,MO,1086.0,10.0,31347.0
Polk,NC,407.0,11.0,20434.0
Polk,NE,205.0,6.0,5244.0
Polk,OR,695.0,15.0,79666.0
Polk,TN,542.0,13.0,16722.0
Polk,TX,918.0,36.0,46974.0
Polk,WI,664.0,3.0,43328.0
Pondera,MT,192.0,1.0,6081.0
Pontotoc,MS,1552.0,20.0,31075.0
Pontotoc,OK,877.0,5.0,38289.0
Pope,AR,2835.0,37.0,63372.0
Pope,IL,45.0,1.0,4360.0
Pope,MN,178.0,0.0,10932.0
Portage,OH,1945.0,68.0,162080.0
Portage,WI,3006.0,21.0,70371.0
Porter,IN,4013.0,54.0,167391.0
Posey,IN,855.0,11.0,25599.0
Pottawatomie,KS,382.0,0.0,23188.0
Pottawatomie,OK,2326.0,15.0,71614.0
Pottawattamie,IA,3577.0,45.0,93287.0
Potter,PA,60.0,1.0,17070.0
Potter,SD,139.0,0.0,2318.0
Potter,TX,8237.0,100.0,121230.0
Powder River,MT,65.0,5.0,1610.0
Powell,KY,163.0,0.0,12349.0
Powell,MT,183.0,0.0,6852.0
Power,ID,376.0,2.0,7667.0
Poweshiek,IA,536.0,11.0,18428.0
Powhatan,VA,324.0,5.0,28364.0
Prairie,AR,248.0,4.0,8309.0
Prairie,MT,33.0,0.0,1325.0
Pratt,KS,192.0,0.0,9670.0
Preble,OH,798.0,18.0,41328.0
Prentiss,MS,1118.0,20.0,25389.0
Presidio,TX,174.0,7.0,7191.0
Presque Isle,MI,81.0,1.0,12854.0
Preston,WV,225.0,4.0,33760.0
Price,WI,411.0,3.0,13566.0
Prince Edward,VA,783.0,13.0,22903.0
Prince George,VA,1124.0,7.0,37704.0
Prince George's,MD,33248.0,863.0,905161.0
Prince William,VA,14554.0,223.0,450763.0
Providence,RI,23320.0,951.0,633704.0
Prowers,CO,202.0,4.0,12084.0
Pueblo,CO,2436.0,45.0,163368.0
Pulaski,AR,12467.0,220.0,392848.0
Pulaski,GA,343.0,23.0,11396.0
Pulaski,IL,247.0,1.0,5691.0
Pulaski,IN,198.0,4.0,12761.0
Pulaski,KY,1023.0,13.0,63974.0
Pulaski,MO,1074.0,11.0,53132.0
Pulaski,VA,314.0,6.0,34330.0
Pushmataha,OK,298.0,6.0,11132.0
Putnam,FL,2412.0,50.0,72435.0
Putnam,GA,821.0,27.0,21430.0
Putnam,IL,107.0,0.0,5771.0
Putnam,IN,837.0,17.0,37543.0
Putnam,MO,61.0,1.0,4846.0
Putnam,NY,1861.0,63.0,99464.0
Putnam,OH,1341.0,28.0,34037.0
Putnam,TN,4650.0,59.0,75565.0
Putnam,WV,981.0,13.0,56644.0
Quay,NM,112.0,2.0,8447.0
Queen Anne's,MD,804.0,26.0,49071.0
Queens,NY,77649.0,7297.0,2339280.0
Quitman,GA,41.0,1.0,2140.0
Quitman,MS,425.0,6.0,7537.0
Rabun,GA,437.0,11.0,16354.0
Racine,WI,8178.0,114.0,195101.0
Rains,TX,97.0,5.0,11246.0
Raleigh,WV,866.0,10.0,77097.0
Ralls,MO,221.0,0.0,10208.0
Ramsey,MN,15318.0,383.0,537893.0
Ramsey,ND,601.0,4.0,11574.0
Randall,TX,5483.0,59.0,130552.0
Randolph,AL,865.0,16.0,22530.0
Randolph,AR,693.0,26.0,17514.0
Randolph,GA,340.0,30.0,7206.0
Randolph,IL,1403.0,15.0,32829.0
Randolph,IN,510.0,11.0,25203.0
Randolph,MO,680.0,3.0,24987.0
Randolph,NC,3950.0,64.0,142827.0
Randolph,WV,429.0,1.0,29152.0
Rankin,MS,4187.0,86.0,149645.0
Ransom,ND,225.0,3.0,5411.0
Rapides,LA,4800.0,161.0,132080.0
Rappahannock,VA,70.0,2.0,7359.0
Ravalli,MT,535.0,4.0,41387.0
Rawlins,KS,96.0,0.0,2520.0
Ray,MO,315.0,2.0,22859.0
Reagan,TX,97.0,6.0,3735.0
Real,TX,126.0,8.0,3358.0
Red Lake,MN,90.0,2.0,4017.0
Red River,TX,202.0,17.0,12353.0
Red River,LA,455.0,24.0,8723.0
Red Willow,NE,284.0,0.0,10870.0
Redwood,MN,317.0,12.0,15430.0
Reeves,TX,289.0,7.0,14791.0
Refugio,TX,314.0,16.0,7293.0
Reno,KS,2308.0,18.0,63360.0
Rensselaer,NY,1124.0,42.0,159800.0
Renville,MN,304.0,13.0,14798.0
Renville,ND,119.0,2.0,2543.0
Republic,KS,86.0,1.0,4705.0
Reynolds,MO,96.0,1.0,6361.0
Rhea,TN,1168.0,21.0,32478.0
Rice,KS,156.0,1.0,9868.0
Rice,MN,1783.0,12.0,65251.0
Rich,UT,0.0,0.0,2307.0
Richardson,NE,135.0,2.0,8045.0
Richland,IL,355.0,18.0,15953.0
Richland,MT,359.0,5.0,11405.0
Richland,ND,552.0,4.0,16333.0
Richland,OH,1646.0,26.0,121533.0
Richland,SC,17654.0,274.0,404869.0
Richland,WI,500.0,9.0,17626.0
Richland,LA,911.0,18.0,20619.0
Richmond,GA,8160.0,185.0,201568.0
Richmond,NC,1463.0,30.0,45447.0
Richmond,NY,17644.0,1095.0,475948.0
Richmond,VA,371.0,4.0,8873.0
Riley,KS,2226.0,11.0,75696.0
Ringgold,IA,105.0,2.0,4986.0
Rio Arriba,NM,543.0,15.0,39455.0
Rio Blanco,CO,31.0,0.0,6557.0
Rio Grande,CO,132.0,3.0,11430.0
Ripley,IN,565.0,8.0,28372.0
Ripley,MO,290.0,4.0,13807.0
Ritchie,WV,53.0,0.0,10005.0
Riverside,CA,68178.0,1319.0,2355002.0
Roane,TN,1461.0,8.0,52926.0
Roane,WV,116.0,2.0,14348.0
Roanoke,VA,1651.0,15.0,93419.0
Roberts,SD,388.0,6.0,10250.0
Roberts,TX,15.0,0.0,889.0
Robertson,KY,39.0,1.0,2161.0
Robertson,TN,2712.0,43.0,68575.0
Robertson,TX,435.0,4.0,16727.0
Robeson,NC,6185.0,97.0,134187.0
Rock,MN,397.0,6.0,9433.0
Rock,NE,59.0,1.0,1381.0
Rock,WI,5702.0,46.0,161226.0
Rock Island,IL,4522.0,95.0,146205.0
Rockbridge,VA,155.0,3.0,22440.0
Rockcastle,KY,377.0,2.0,16815.0
Rockdale,GA,2175.0,41.0,88482.0
Rockingham,NC,2155.0,19.0,91566.0
Rockingham,VA,1820.0,27.0,78653.0
Rockland,NY,18265.0,684.0,325027.0
Rockwall,TX,1988.0,33.0,90414.0
Roger Mills,OK,92.0,4.0,3734.0
Rogers,OK,2608.0,55.0,90098.0
Rolette,ND,488.0,9.0,14657.0
Rooks,KS,163.0,7.0,5148.0
Roosevelt,MT,1022.0,30.0,11218.0
Roosevelt,NM,493.0,9.0,19313.0
Roscommon,MI,217.0,6.0,23934.0
Roseau,MN,393.0,0.0,15537.0
Rosebud,MT,858.0,21.0,9292.0
Ross,OH,1648.0,44.0,77125.0
Routt,CO,230.0,9.0,24359.0
Rowan,KY,386.0,2.0,24392.0
Rowan,NC,4274.0,119.0,138940.0
Runnels,TX,303.0,9.0,10266.0
Rush,IN,298.0,4.0,16765.0
Rush,KS,98.0,0.0,3119.0
Rusk,TX,1044.0,27.0,53026.0
Rusk,WI,251.0,1.0,14211.0
Russell,AL,2007.0,3.0,58480.0
Russell,KS,210.0,4.0,6987.0
Russell,KY,406.0,7.0,17731.0
Russell,VA,527.0,8.0,27725.0
Rutherford,NC,1811.0,61.0,66523.0
Rutherford,TN,12607.0,116.0,298456.0
Rutland,VT,137.0,1.0,59676.0
Sabine,TX,102.0,9.0,10429.0
Sabine,LA,1015.0,15.0,24145.0
Sac,IA,432.0,4.0,9936.0
Sacramento,CA,26316.0,500.0,1495400.0
Saginaw,MI,4230.0,157.0,193803.0
Saguache,CO,147.0,2.0,6338.0
Salem,NJ,1193.0,89.0,63776.0
Saline,AR,3056.0,34.0,116252.0
Saline,IL,653.0,11.0,24430.0
Saline,KS,1171.0,13.0,55334.0
Saline,MO,1011.0,11.0,23010.0
Saline,NE,993.0,2.0,14325.0
Salt Lake,UT,49887.0,313.0,1106700.0
Saluda,SC,735.0,24.0,20228.0
Sampson,NC,2867.0,31.0,63664.0
San Augustine,TX,221.0,15.0,8403.0
San Benito,CA,1473.0,15.0,58671.0
San Bernardino,CA,65207.0,1078.0,2121220.0
San Diego,CA,57102.0,891.0,3283665.0
San Francisco,CA,12454.0,148.0,864263.0
San Jacinto,TX,242.0,13.0,27436.0
San Joaquin,CA,22106.0,494.0,724153.0
San Juan,CO,10.0,0.0,569.0
San Juan,NM,3861.0,205.0,128221.0
San Juan,UT,848.0,30.0,15193.0
San Juan,WA,34.0,0.0,16221.0
San Luis Obispo,CA,4298.0,32.0,280119.0
San Mateo,CA,11371.0,161.0,763450.0
San Miguel,CO,110.0,0.0,7804.0
San Miguel,NM,196.0,0.0,28203.0
San Patricio,TX,1592.0,81.0,66867.0
San Saba,TX,242.0,3.0,5851.0
Sanborn,SD,115.0,1.0,2366.0
Sanders,MT,108.0,2.0,11414.0
Sandoval,NM,2131.0,49.0,138815.0
Sandusky,OH,828.0,22.0,59559.0
Sangamon,IL,4638.0,66.0,198134.0
Sanilac,MI,232.0,7.0,41535.0
Sanpete,UT,0.0,0.0,28892.0
Santa Barbara,CA,9957.0,128.0,442996.0
Santa Clara,CA,25139.0,406.0,1911226.0
Santa Cruz,AZ,3065.0,65.0,46358.0
Santa Cruz,CA,2895.0,26.0,273263.0
Santa Fe,NM,1899.0,14.0,147514.0
Santa Rosa,FL,6021.0,88.0,166778.0
Sarasota,FL,9811.0,344.0,404839.0
Saratoga,NY,1423.0,17.0,226632.0
Sargent,ND,142.0,2.0,3883.0
Sarpy,NE,6275.0,39.0,175188.0
Sauk,WI,1967.0,8.0,63340.0
Saunders,NE,728.0,4.0,20953.0
Sawyer,WI,419.0,4.0,16384.0
Schenectady,NY,1622.0,50.0,155239.0
Schleicher,TX,55.0,2.0,3122.0
Schley,GA,109.0,2.0,5168.0
Schoharie,NY,115.0,0.0,31611.0
Schoolcraft,MI,102.0,1.0,8114.0
Schuyler,IL,101.0,1.0,7181.0
Schuyler,MO,47.0,0.0,4450.0
Schuyler,NY,149.0,0.0,18112.0
Schuylkill,PA,2188.0,97.0,144287.0
Scioto,OH,1057.0,9.0,76871.0
Scotland,MO,81.0,1.0,4883.0
Scotland,NC,1672.0,28.0,35445.0
Scott,AR,233.0,2.0,10584.0
Scott,IA,5269.0,45.0,171493.0
Scott,IL,116.0,0.0,5109.0
Scott,IN,608.0,16.0,23722.0
Scott,KS,187.0,1.0,4981.0
Scott,KY,1214.0,20.0,52322.0
Scott,MN,3836.0,37.0,141463.0
Scott,MO,1551.0,26.0,38858.0
Scott,MS,1299.0,29.0,28399.0
Scott,TN,423.0,5.0,21949.0
Scott,VA,461.0,6.0,22290.0
Scotts Bluff,NE,1042.0,9.0,36509.0
Screven,GA,454.0,11.0,14037.0
Scurry,TX,1140.0,16.0,17346.0
Searcy,AR,212.0,1.0,7925.0
Sebastian,AR,5104.0,99.0,127362.0
Sedgwick,CO,46.0,1.0,2357.0
Sedgwick,KS,12379.0,133.0,510484.0
Seminole,FL,10470.0,241.0,449260.0
Seminole,GA,396.0,11.0,8549.0
Seminole,OK,847.0,6.0,25246.0
Seneca,NY,149.0,3.0,34843.0
Seneca,OH,735.0,14.0,55549.0
Sequatchie,TN,370.0,2.0,14654.0
Sequoyah,OK,1302.0,14.0,41364.0
Sevier,AR,1409.0,16.0,17206.0
Sevier,TN,3548.0,23.0,95523.0
Sevier,UT,0.0,0.0,20961.0
Seward,KS,2201.0,13.0,22948.0
Seward,NE,441.0,3.0,17045.0
Shackelford,TX,40.0,0.0,3348.0
Shannon,MO,270.0,5.0,8273.0
Sharkey,MS,293.0,15.0,4631.0
Sharp,AR,384.0,10.0,17041.0
Shasta,CA,2122.0,31.0,178919.0
Shawano,WI,2683.0,26.0,41136.0
Shawnee,KS,3647.0,84.0,178392.0
Sheboygan,WI,5290.0,31.0,115094.0
Shelby,AL,7788.0,70.0,208721.0
Shelby,IA,427.0,2.0,11772.0
Shelby,IL,770.0,12.0,21906.0
Shelby,IN,1019.0,41.0,44339.0
Shelby,KY,1559.0,25.0,45831.0
Shelby,MO,112.0,1.0,6084.0
Shelby,OH,1093.0,14.0,48902.0
Shelby,TN,37762.0,571.0,937847.0
Shelby,TX,554.0,31.0,25689.0
Shenandoah,VA,999.0,61.0,42854.0
Sherburne,MN,1985.0,24.0,92024.0
Sheridan,KS,185.0,0.0,2497.0
Sheridan,MT,83.0,0.0,3568.0
Sheridan,ND,57.0,1.0,1403.0
Sheridan,NE,148.0,0.0,5241.0
Sheridan,WY,836.0,4.0,29964.0
Sherman,KS,239.0,6.0,5999.0
Sherman,NE,67.0,3.0,3048.0
Sherman,OR,21.0,0.0,1635.0
Sherman,TX,78.0,1.0,3067.0
Shiawassee,MI,787.0,34.0,68617.0
Shoshone,ID,288.0,20.0,12490.0
Sibley,MN,281.0,3.0,14888.0
Sierra,CA,6.0,0.0,2885.0
Sierra,NM,130.0,1.0,11254.0
Silver Bow,MT,654.0,2.0,34514.0
Simpson,KY,376.0,8.0,17881.0
Simpson,MS,1260.0,50.0,27215.0
Sioux,IA,2665.0,17.0,34692.0
Sioux,ND,276.0,5.0,4420.0
Sioux,NE,12.0,0.0,1256.0
Siskiyou,CA,241.0,0.0,43530.0
Skagit,WA,1287.0,24.0,121725.0
Skamania,WA,73.0,1.0,11498.0
Slope,ND,15.0,0.0,674.0
Smith,KS,24.0,0.0,3693.0
Smith,MS,615.0,16.0,16114.0
Smith,TN,1046.0,14.0,19279.0
Smith,TX,4633.0,145.0,222277.0
Smyth,VA,655.0,27.0,31298.0
Snohomish,WA,9024.0,233.0,771904.0
Snyder,PA,511.0,18.0,40570.0
Socorro,NM,270.0,13.0,17098.0
Solano,CA,7634.0,76.0,434981.0
Somerset,MD,439.0,6.0,25801.0
Somerset,NJ,6575.0,595.0,333316.0
Somerset,PA,474.0,3.0,75619.0
Somervell,TX,160.0,5.0,8650.0
Sonoma,CA,9686.0,136.0,500943.0
Southampton,VA,936.0,38.0,18089.0
Spalding,GA,1631.0,63.0,64192.0
Spartanburg,SC,9414.0,238.0,297732.0
Spencer,IN,461.0,6.0,20610.0
Spencer,KY,339.0,1.0,18012.0
Spink,SD,315.0,1.0,6478.0
Spokane,WA,9882.0,203.0,490764.0
Spotsylvania,VA,2509.0,55.0,130159.0
St. Bernard,LA,1559.0,32.0,45067.0
St. Charles,MO,11681.0,156.0,385115.0
St. Charles,LA,1965.0,63.0,52728.0
St. Clair,AL,3240.0,43.0,86937.0
St. Clair,IL,8405.0,224.0,264433.0
St. Clair,MI,1726.0,65.0,159761.0
St. Clair,MO,129.0,1.0,9396.0
St. Croix,WI,2103.0,11.0,87142.0
St. Francis,AR,1794.0,10.0,26688.0
St. Francois,MO,3050.0,29.0,66248.0
St. Helena,LA,442.0,4.0,10509.0
St. James,LA,846.0,40.0,21485.0
St. John the Baptist,LA,1663.0,107.0,43565.0
St. Johns,FL,6639.0,85.0,226578.0
St. Joseph,IN,10656.0,180.0,268613.0
St. Joseph,MI,1371.0,24.0,60890.0
St. Landry,LA,3702.0,136.0,83580.0
St. Lawrence,NY,423.0,4.0,110817.0
St. Louis,MN,3457.0,75.0,200294.0
St. Louis,MO,31992.0,891.0,999539.0
St. Lucie,FL,9179.0,336.0,298763.0
St. Martin,LA,2259.0,64.0,53609.0
St. Mary,LA,2038.0,87.0,52578.0
St. Mary's,MD,1507.0,60.0,110979.0
St. Tammany,LA,7803.0,271.0,249201.0
Stafford,KS,93.0,1.0,4251.0
Stafford,VA,2452.0,21.0,141159.0
Stanislaus,CA,17979.0,401.0,535684.0
Stanley,SD,101.0,0.0,2994.0
Stanly,NC,2468.0,73.0,60875.0
Stanton,KS,52.0,2.0,2107.0
Stanton,NE,86.0,0.0,6020.0
Stark,IL,102.0,3.0,5551.0
Stark,ND,2473.0,34.0,30316.0
Stark,OH,4528.0,186.0,374273.0
Starke,IN,530.0,10.0,22966.0
Starr,TX,3585.0,186.0,63420.0
Ste. Genevieve,MO,480.0,1.0,17882.0
Stearns,MN,6666.0,53.0,155300.0
Steele,MN,845.0,4.0,36612.0
Steele,ND,65.0,1.0,1915.0
Stephens,GA,1293.0,42.0,25625.0
Stephens,OK,813.0,8.0,44293.0
Stephens,TX,166.0,4.0,9365.0
Stephenson,IL,1242.0,9.0,45839.0
Sterling,TX,21.0,0.0,1139.0
Steuben,IN,751.0,9.0,34459.0
Steuben,NY,1087.0,57.0,97539.0
Stevens,KS,245.0,1.0,5741.0
Stevens,MN,205.0,1.0,9759.0
Stevens,WA,282.0,5.0,43858.0
Stewart,GA,571.0,16.0,5832.0
Stewart,TN,362.0,13.0,13248.0
Stillwater,MT,231.0,3.0,9342.0
Stoddard,MO,951.0,15.0,29634.0
Stokes,NC,719.0,12.0,46124.0
Stone,AR,409.0,21.0,12443.0
Stone,MO,753.0,11.0,31529.0
Stone,MS,510.0,14.0,17981.0
Stonewall,TX,21.0,1.0,1084.0
Storey,NV,22.0,0.0,3891.0
Story,IA,4251.0,18.0,95888.0
Strafford,NH,787.0,14.0,126552.0
Stutsman,ND,1061.0,8.0,21058.0
Sublette,WY,187.0,1.0,10037.0
Suffolk,NY,49538.0,2021.0,1497595.0
Sullivan,IN,500.0,14.0,20900.0
Sullivan,MO,381.0,3.0,6382.0
Sullivan,NH,93.0,1.0,43073.0
Sullivan,NY,1818.0,48.0,75783.0
Sullivan,PA,21.0,1.0,6192.0
Sullivan,TN,4144.0,53.0,156519.0
Sully,SD,45.0,0.0,1390.0
Summers,WV,140.0,1.0,13210.0
Summit,CO,778.0,4.0,29722.0
Summit,OH,7580.0,272.0,541318.0
Summit,UT,1511.0,1.0,39731.0
Sumner,KS,311.0,3.0,23336.0
Sumner,TN,6500.0,117.0,175730.0
Sumter,AL,488.0,21.0,13084.0
Sumter,FL,2960.0,86.0,116754.0
Sumter,GA,967.0,68.0,30687.0
Sumter,SC,3619.0,89.0,107379.0
Sunflower,MS,1681.0,51.0,26915.0
Surry,NC,1998.0,33.0,72315.0
Surry,VA,142.0,5.0,6670.0
Susquehanna,PA,420.0,28.0,41716.0
Sussex,DE,8170.0,236.0,215551.0
Sussex,NJ,1761.0,197.0,143570.0
Sussex,VA,643.0,13.0,11595.0
Sutter,CA,1912.0,12.0,95583.0
Sutton,TX,114.0,3.0,3894.0
Suwannee,FL,3022.0,78.0,43814.0
Swain,NC,298.0,4.0,14208.0
Sweet Grass,MT,97.0,2.0,3646.0
Sweetwater,WY,585.0,2.0,44527.0
Swift,MN,245.0,2.0,9448.0
Swisher,TX,161.0,5.0,7541.0
Switzerland,IN,110.0,0.0,10617.0
Talbot,GA,180.0,8.0,6423.0
Talbot,MD,660.0,6.0,37461.0
Taliaferro,GA,31.0,0.0,1844.0
Talladega,AL,2808.0,38.0,80888.0
Tallahatchie,MS,870.0,26.0,14552.0
Tallapoosa,AL,1403.0,87.0,40756.0
Tama,IA,1053.0,38.0,17236.0
Taney,MO,1879.0,35.0,54308.0
Tangipahoa,LA,5079.0,126.0,128850.0
Taos,NM,262.0,5.0,32809.0
Tarrant,TX,68233.0,836.0,1983675.0
Tate,MS,1268.0,39.0,28333.0
Tattnall,GA,955.0,16.0,25402.0
Taylor,FL,1496.0,18.0,22350.0
Taylor,GA,237.0,12.0,8267.0
Taylor,IA,273.0,2.0,6214.0
Taylor,KY,530.0,7.0,25406.0
Taylor,TX,2298.0,69.0,135371.0
Taylor,WI,555.0,7.0,20344.0
Taylor,WV,172.0,8.0,16977.0
Tazewell,IL,3034.0,59.0,134695.0
Tazewell,VA,557.0,2.0,42689.0
Tehama,CA,953.0,14.0,63247.0
Telfair,GA,495.0,24.0,16339.0
Teller,CO,263.0,4.0,23769.0
Tensas,LA,186.0,2.0,4771.0
Terrebonne,LA,3894.0,125.0,113067.0
Terrell,GA,341.0,32.0,8978.0
Terrell,TX,4.0,0.0,721.0
Terry,TX,626.0,10.0,12755.0
Teton,ID,305.0,2.0,10776.0
Teton,MT,92.0,1.0,6040.0
Teton,WY,814.0,1.0,22923.0
Texas,MO,634.0,3.0,25714.0
Texas,OK,1849.0,10.0,21409.0
Thayer,NE,73.0,0.0,5133.0
Thomas,GA,1625.0,71.0,44909.0
Thomas,KS,363.0,2.0,7847.0
Thomas,NE,15.0,0.0,643.0
Throckmorton,TX,19.0,2.0,1541.0
Thurston,NE,353.0,4.0,7055.0
Thurston,WA,1694.0,33.0,269885.0
Tift,GA,1984.0,65.0,40531.0
Tillamook,OR,77.0,0.0,25840.0
Tillman,OK,160.0,4.0,7591.0
Tioga,NY,699.0,30.0,49322.0
Tioga,PA,253.0,3.0,41550.0
Tippah,MS,975.0,25.0,21993.0
Tippecanoe,IN,4499.0,17.0,186081.0
Tipton,IN,304.0,23.0,15290.0
Tipton,TN,2506.0,23.0,61434.0
Tishomingo,MS,845.0,41.0,19476.0
Titus,TX,1745.0,36.0,32664.0
Todd,KY,305.0,12.0,12377.0
Todd,MN,975.0,7.0,24423.0
Todd,SD,511.0,6.0,10016.0
Tolland,CT,1780.0,68.0,151596.0
Tom Green,TX,5027.0,82.0,116906.0
Tompkins,NY,656.0,0.0,104415.0
Tooele,UT,1597.0,4.0,63357.0
Toole,MT,336.0,6.0,5031.0
Toombs,GA,1523.0,57.0,27160.0
Torrance,NM,112.0,1.0,15534.0
Towner,ND,125.0,5.0,2258.0
Towns,GA,455.0,13.0,11173.0
Traill,ND,363.0,5.0,8050.0
Transylvania,NC,434.0,9.0,33291.0
Traverse,MN,63.0,0.0,3357.0
Travis,TX,32220.0,452.0,1176584.0
Treasure,MT,24.0,1.0,790.0
Trego,KS,113.0,3.0,2899.0
Trempealeau,WI,1144.0,4.0,29510.0
Treutlen,GA,315.0,12.0,6752.0
Trigg,KY,261.0,0.0,14286.0
Trimble,KY,102.0,0.0,8697.0
Trinity,CA,33.0,0.0,13037.0
Trinity,TX,208.0,8.0,14481.0
Tripp,SD,288.0,2.0,5480.0
Troup,GA,3069.0,109.0,69433.0
Trousdale,TN,1795.0,9.0,8773.0
Trumbull,OH,2544.0,137.0,203341.0
Tucker,WV,67.0,0.0,7035.0
Tulare,CA,17852.0,293.0,458809.0
Tulsa,OK,22742.0,214.0,637123.0
Tunica,MS,541.0,17.0,10276.0
Tuolumne,CA,291.0,6.0,53899.0
Turner,GA,339.0,24.0,8036.0
Turner,SD,531.0,18.0,8242.0
Tuscaloosa,AL,10792.0,145.0,204424.0
Tuscarawas,OH,1576.0,38.0,92531.0
Tuscola,MI,729.0,36.0,53569.0
Twiggs,GA,224.0,10.0,8323.0
Twin Falls,ID,4363.0,49.0,82248.0
Tyler,TX,273.0,4.0,21456.0
Tyler,WV,55.0,1.0,8949.0
Tyrrell,NC,132.0,3.0,4090.0
Uinta,WY,488.0,3.0,20758.0
Uintah,UT,0.0,0.0,36343.0
Ulster,NY,2556.0,95.0,180129.0
Umatilla,OR,3481.0,45.0,76736.0
Unicoi,TN,505.0,5.0,17830.0
Union,AR,1187.0,52.0,40022.0
Union,FL,1147.0,45.0,15300.0
Union,GA,912.0,26.0,22262.0
Union,IA,291.0,5.0,12497.0
Union,IL,821.0,25.0,17267.0
Union,IN,133.0,0.0,7225.0
Union,KY,529.0,6.0,14915.0
Union,MS,1278.0,25.0,28202.0
Union,NC,6073.0,65.0,222095.0
Union,NJ,20674.0,1374.0,557320.0
Union,NM,45.0,2.0,4216.0
Union,OH,902.0,3.0,54688.0
Union,OR,494.0,2.0,25810.0
Union,PA,745.0,11.0,45056.0
Union,SC,796.0,18.0,27772.0
Union,SD,807.0,12.0,14929.0
Union,TN,565.0,4.0,19176.0
Union,LA,1133.0,52.0,22537.0
Upshur,TX,516.0,15.0,40506.0
Upshur,WV,277.0,4.0,24604.0
Upson,GA,843.0,70.0,26241.0
Upton,TX,28.0,4.0,3575.0
Utah,UT,30400.0,83.0,576496.0
Uvalde,TX,845.0,37.0,27015.0
Val Verde,TX,2637.0,128.0,48976.0
Valencia,NM,1075.0,5.0,75845.0
Valley,ID,129.0,1.0,10104.0
Valley,MT,383.0,5.0,7561.0
Valley,NE,95.0,1.0,4252.0
Van Buren,AR,215.0,3.0,16751.0
Van Buren,IA,202.0,2.0,7308.0
Van Buren,MI,1222.0,20.0,75190.0
Van Buren,TN,217.0,2.0,5675.0
Van Wert,OH,351.0,5.0,28262.0
Van Zandt,TX,719.0,29.0,53607.0
Vance,NC,1237.0,47.0,44420.0
Vanderburgh,IN,6695.0,76.0,181831.0
Venango,PA,297.0,1.0,52880.0
Ventura,CA,14635.0,166.0,847834.0
Vermilion,IL,1974.0,12.0,79207.0
Vermilion,LA,2134.0,70.0,59841.0
Vermillion,IN,306.0,1.0,15644.0
Vernon,MO,371.0,3.0,20665.0
Vernon,WI,543.0,2.0,30378.0
Vernon,LA,1133.0,56.0,51906.0
Victoria,TX,4302.0,98.0,91518.0
Vigo,IN,3073.0,48.0,107723.0
Vilas,WI,656.0,7.0,21465.0
Vinton,OH,129.0,5.0,13142.0
Volusia,FL,13008.0,322.0,518660.0
Wabash,IL,264.0,6.0,11568.0
Wabash,IN,563.0,11.0,31848.0
Wabasha,MN,446.0,1.0,21490.0
Wabaunsee,KS,84.0,1.0,6918.0
Wadena,MN,298.0,3.0,13626.0
Wagoner,OK,1995.0,31.0,76830.0
Wahkiakum,WA,11.0,0.0,4105.0
Wake,NC,21826.0,275.0,1023811.0
Wakulla,FL,1334.0,11.0,31586.0
Waldo,ME,154.0,14.0,39280.0
Walker,AL,2966.0,95.0,64927.0
Walker,GA,1952.0,46.0,68609.0
Walker,TX,3959.0,62.0,70818.0
Walla Walla,WA,1240.0,6.0,59862.0
Wallace,KS,70.0,0.0,1591.0
Waller,TX,1012.0,17.0,48443.0
Wallowa,OR,56.0,2.0,6864.0
Walsh,ND,634.0,2.0,10920.0
Walthall,MS,650.0,27.0,14670.0
Walton,FL,2526.0,30.0,63457.0
Walton,GA,2394.0,70.0,88695.0
Walworth,SD,287.0,10.0,5502.0
Walworth,WI,3590.0,39.0,102917.0
Wapello,IA,1661.0,62.0,35321.0
Ward,ND,3586.0,54.0,69628.0
Ward,TX,175.0,1.0,11498.0
Ware,GA,1765.0,65.0,35688.0
Warren,GA,170.0,6.0,5410.0
Warren,IA,1437.0,7.0,48630.0
Warren,IL,570.0,9.0,17429.0
Warren,IN,115.0,1.0,8269.0
Warren,KY,5456.0,58.0,123824.0
Warren,MO,672.0,2.0,33554.0
Warren,MS,1583.0,56.0,47510.0
Warren,NC,491.0,7.0,20190.0
Warren,NJ,1632.0,171.0,107088.0
Warren,NY,468.0,33.0,64701.0
Warren,OH,4921.0,67.0,223868.0
Warren,PA,71.0,1.0,40345.0
Warren,TN,1542.0,11.0,40210.0
Warren,VA,621.0,21.0,38991.0
Warrick,IN,2212.0,66.0,61581.0
Wasatch,UT,1219.0,9.0,29306.0
Wasco,OR,362.0,16.0,25687.0
Waseca,MN,961.0,10.0,18898.0
Washakie,WY,160.0,7.0,8253.0
Washburn,WI,267.0,2.0,15638.0
Washington,AL,774.0,12.0,16746.0
Washington,AR,11881.0,154.0,223683.0
Washington,CO,106.0,0.0,4809.0
Washington,FL,1255.0,24.0,24472.0
Washington,GA,792.0,13.0,20506.0
Washington,IA,729.0,12.0,22095.0
Washington,ID,484.0,8.0,9996.0
Washington,IL,353.0,2.0,14260.0
Washington,IN,428.0,3.0,27807.0
Washington,KS,39.0,0.0,5572.0
Washington,KY,274.0,2.0,11999.0
Washington,MD,2378.0,47.0,149546.0
Washington,ME,68.0,0.0,31822.0
Washington,MN,6958.0,75.0,250979.0
Washington,MO,728.0,20.0,24968.0
Washington,MS,2689.0,100.0,48002.0
Washington,NC,264.0,8.0,12331.0
Washington,NE,559.0,7.0,20414.0
Washington,NY,350.0,14.0,62183.0
Washington,OH,461.0,25.0,60871.0
Washington,OK,1397.0,42.0,51867.0
Washington,OR,6230.0,79.0,572071.0
Washington,PA,2153.0,37.0,207661.0
Washington,TN,3948.0,59.0,126437.0
Washington,TX,719.0,50.0,34667.0
Washington,UT,0.0,0.0,155577.0
Washington,VA,1078.0,26.0,54457.0
Washington,VT,137.0,2.0,58691.0
Washington,WI,4887.0,44.0,133967.0
Washington,LA,1757.0,72.0,46449.0
Washita,OK,193.0,0.0,11550.0
Washoe,NV,13637.0,198.0,445551.0
Washtenaw,MI,5800.0,119.0,361509.0
Watauga,NC,1434.0,6.0,53421.0
Watonwan,MN,593.0,4.0,10936.0
Waukesha,WI,13463.0,125.0,396731.0
Waupaca,WI,2616.0,47.0,51651.0
Waushara,WI,1107.0,5.0,24170.0
Wayne,GA,1268.0,33.0,29833.0
Wayne,IA,161.0,4.0,6405.0
Wayne,IL,546.0,18.0,16569.0
Wayne,IN,1727.0,36.0,66972.0
Wayne,KY,300.0,2.0,20692.0
Wayne,MI,42172.0,3060.0,1763822.0
Wayne,MO,331.0,3.0,13369.0
Wayne,MS,1040.0,22.0,20458.0
Wayne,NC,4756.0,81.0,124496.0
Wayne,NE,386.0,2.0,9409.0
Wayne,NY,561.0,5.0,91442.0
Wayne,OH,1858.0,73.0,115915.0
Wayne,PA,294.0,12.0,51656.0
Wayne,TN,1624.0,7.0,16713.0
Wayne,UT,0.0,0.0,2700.0
Wayne,WV,626.0,11.0,41063.0
Weakley,TN,1636.0,26.0,33776.0
Webb,TX,15413.0,355.0,269624.0
Weber,UT,0.0,0.0,244101.0
Webster,GA,44.0,2.0,2627.0
Webster,IA,2045.0,15.0,36945.0
Webster,KY,349.0,5.0,13180.0
Webster,MO,1239.0,16.0,37558.0
Webster,MS,384.0,13.0,9868.0
Webster,NE,124.0,0.0,3597.0
Webster,WV,36.0,0.0,8637.0
Webster,LA,1495.0,41.0,40043.0
Weld,CO,6766.0,159.0,285729.0
Wells,IN,562.0,13.0,27832.0
Wells,ND,201.0,0.0,4089.0
West Baton Rouge,LA,972.0,42.0,25518.0
West Carroll,LA,379.0,13.0,11274.0
West Feliciana,LA,755.0,25.0,15376.0
Westchester,NY,40946.0,1472.0,975321.0
Westmoreland,PA,4538.0,104.0,356835.0
Westmoreland,VA,351.0,5.0,17596.0
Weston,WY,164.0,0.0,7117.0
Wetzel,WV,229.0,7.0,15793.0
Wexford,MI,192.0,4.0,32915.0
Wharton,TX,1471.0,60.0,41430.0
Whatcom,WA,1615.0,50.0,212738.0
Wheatland,MT,73.0,3.0,2108.0
Wheeler,GA,370.0,17.0,7952.0
Wheeler,NE,4.0,0.0,846.0
Wheeler,OR,1.0,0.0,1415.0
Wheeler,TX,91.0,0.0,5599.0
White,AR,1622.0,33.0,78706.0
White,GA,1022.0,24.0,28509.0
White,IL,299.0,5.0,14186.0
White,IN,692.0,16.0,24279.0
White,TN,1273.0,15.0,26394.0
White Pine,NV,122.0,1.0,9858.0
Whiteside,IL,1804.0,31.0,56823.0
Whitfield,GA,5701.0,64.0,103963.0
Whitley,IN,573.0,6.0,33481.0
Whitley,KY,882.0,7.0,36027.0
Whitman,WA,1832.0,18.0,47794.0
Wibaux,MT,44.0,0.0,1121.0
Wichita,KS,44.0,0.0,2157.0
Wichita,TX,4001.0,49.0,131778.0
Wicomico,MD,2572.0,51.0,102014.0
Wilbarger,TX,384.0,4.0,12972.0
Wilcox,AL,576.0,12.0,10919.0
Wilcox,GA,259.0,25.0,8896.0
Wilkes,GA,317.0,7.0,9905.0
Wilkes,NC,1869.0,38.0,68525.0
Wilkin,MN,150.0,4.0,6398.0
Wilkinson,GA,374.0,17.0,9147.0
Wilkinson,MS,346.0,21.0,9084.0
Will,IL,20657.0,445.0,687727.0
Willacy,TX,1251.0,56.0,21839.0
Williams,ND,1989.0,18.0,32916.0
Williams,OH,452.0,4.0,37061.0
Williamsburg,SC,1467.0,50.0,32256.0
Williamson,IL,2062.0,61.0,67477.0
Williamson,TN,7582.0,57.0,212161.0
Williamson,TX,9588.0,156.0,508313.0
Wilson,KS,122.0,3.0,8858.0
Wilson,NC,3173.0,64.0,81379.0
Wilson,TN,4999.0,64.0,128874.0
Wilson,TX,1004.0,28.0,47205.0
Windham,CT,1469.0,19.0,116674.0
Windham,VT,153.0,3.0,43332.0
Windsor,VT,128.0,2.0,55485.0
Winkler,TX,153.0,5.0,7777.0
Winn,LA,699.0,20.0,14631.0
Winnebago,IA,544.0,20.0,10545.0
Winnebago,IL,11638.0,187.0,287512.0
Winnebago,WI,9438.0,67.0,169540.0
Winneshiek,IA,544.0,9.0,20575.0
Winona,MN,1406.0,19.0,50992.0
Winston,AL,981.0,13.0,23968.0
Winston,MS,885.0,22.0,18482.0
Wirt,WV,56.0,0.0,5800.0
Wise,TX,965.0,16.0,63247.0
Wise,VA,712.0,10.0,39539.0
Wolfe,KY,74.0,0.0,7251.0
Wood,OH,2808.0,84.0,129504.0
Wood,TX,664.0,40.0,43315.0
Wood,WI,1933.0,10.0,73427.0
Wood,WV,720.0,6.0,86016.0
Woodbury,IA,7729.0,100.0,102397.0
Woodford,IL,781.0,17.0,38942.0
Woodford,KY,419.0,0.0,25817.0
Woodruff,AR,136.0,0.0,6763.0
Woods,OK,190.0,0.0,9132.0
Woodson,KS,27.0,0.0,3178.0
Woodward,OK,1297.0,6.0,21140.0
Worcester,MA,17017.0,1177.0,818249.0
Worcester,MD,1242.0,31.0,51559.0
Worth,GA,612.0,35.0,20809.0
Worth,IA,161.0,0.0,7502.0
Worth,MO,36.0,0.0,2053.0
Wright,IA,803.0,1.0,12864.0
Wright,MN,2982.0,16.0,131130.0
Wright,MO,620.0,8.0,18304.0
Wyandot,OH,337.0,13.0,22190.0
Wyandotte,KS,8564.0,165.0,163227.0
Wyoming,NY,203.0,5.0,40886.0
Wyoming,PA,171.0,8.0,27760.0
Wyoming,WV,359.0,5.0,22130.0
Wythe,VA,353.0,7.0,29048.0
Yadkin,NC,1102.0,9.0,37825.0
Yakima,WA,12003.0,273.0,248279.0
Yalobusha,MS,578.0,18.0,12426.0
Yamhill,OR,1043.0,15.0,102366.0
Yancey,NC,340.0,1.0,17605.0
Yankton,SD,940.0,6.0,22660.0
Yates,NY,134.0,7.0,25083.0
Yavapai,AZ,3029.0,91.0,220972.0
Yazoo,MS,1277.0,35.0,27496.0
Yell,AR,1368.0,31.0,21601.0
Yellow Medicine,MN,335.0,7.0,9930.0
Yellowstone,MT,6988.0,94.0,156332.0
Yoakum,TX,338.0,7.0,8481.0
Yolo,CA,3303.0,60.0,212605.0
York,ME,1446.0,21.0,201454.0
York,NE,558.0,2.0,13832.0
York,PA,6742.0,207.0,442216.0
York,SC,7000.0,107.0,251664.0
York,VA,658.0,9.0,67196.0
Young,TX,620.0,11.0,18166.0
Yuba,CA,1353.0,10.0,74644.0
Yuma,AZ,13994.0,358.0,204281.0
Yuma,CO,227.0,1.0,10109.0
Zapata,TX,358.0,9.0,14415.0
Zavala,TX,470.0,19.0,12152.0
Ziebach,SD,108.0,2.0,2837.0